issn,title,sjr_quartile,sjr_score
1614-2411,4OR,Q2,0.749
1619-4500,4OR,Q2,0.749
2295-9149,@GRH,Q4,0.102
2034-9130,@GRH,Q4,0.102
0858-0855,ABAC Journal,Q1,0.242
2167-8375,ACM Transactions on Economics and Computation,Q2,0.708
2167-8383,ACM Transactions on Economics and Computation,Q2,0.708
1046-8188,ACM Transactions on Information Systems,Q1,1.54
1558-2868,ACM Transactions on Information Systems,Q1,1.54
2158-6578,ACM Transactions on Management Information Systems,Q1,0.973
2158-656X,ACM Transactions on Management Information Systems,Q1,0.973
2305-7394,ACRN Journal of Finance and Risk Perspectives,Q4,0.132
2473-3458,AIS Transactions on Replication Research,Q4,0.152
1869-8182,AMS Review,Q2,1.288
1869-814X,AMS Review,Q2,1.288
2655-8807,APTISI Transactions on Technopreneurship,Q3,0.266
2656-8888,APTISI Transactions on Technopreneurship,Q3,0.266
0515-0361,ASTIN Bulletin,Q1,1.138
1783-1350,ASTIN Bulletin,Q1,1.138
1543-866X,ATA Journal of Legal Tax Research,Q3,0.149
0001-3072,Abacus,Q3,0.484
1467-6281,Abacus,Q3,0.484
1012-8255,Academia Revista Latinoamericana de Administracion,Q2,0.405
2056-5127,Academia Revista Latinoamericana de Administracion,Q2,0.405
2281-3993,Academic Journal of Interdisciplinary Studies (discontinued),-,
2281-4612,Academic Journal of Interdisciplinary Studies (discontinued),-,
2335-4194,Academica Turistica,Q3,0.213
1855-3303,Academica Turistica,Q3,0.213
1941-6520,Academy of Management Annals,Q1,13.877
1941-6067,Academy of Management Annals,Q1,13.877
0065-0668,Academy of Management Annual Meeting Proceedings,-,0.144
2151-6561,Academy of Management Annual Meeting Proceedings,-,0.144
2168-1007,Academy of Management Discoveries,Q1,3.207
0001-4273,Academy of Management Journal,Q1,10.528
1537-260X,Academy of Management Learning and Education,Q1,1.848
1558-9080,Academy of Management Perspectives,Q1,5.063
0363-7425,Academy of Management Review,Q1,14.402
1468-4489,Accounting Education,Q1,1.054
0963-9284,Accounting Education,Q1,1.054
0155-9982,Accounting Forum,Q1,0.923
1467-6303,Accounting Forum,Q1,0.923
0148-4184,Accounting Historians Journal,Q1,0.256
2327-4468,Accounting Historians Journal,Q1,0.256
1032-3732,Accounting History,Q1,0.549
1749-3374,Accounting History,Q1,0.549
2155-2851,Accounting History Review,Q1,0.345
2155-286X,Accounting History Review,Q1,0.345
0888-7993,Accounting Horizons,Q1,1.333
1558-7975,Accounting Horizons,Q1,1.333
1911-3838,Accounting Perspectives,Q2,0.526
1911-382X,Accounting Perspectives,Q2,0.526
1030-9616,Accounting Research Journal,Q2,0.469
0001-4826,Accounting Review,Q1,4.045
1558-7967,Accounting Review,Q1,4.045
2159-4260,Accounting and Business Research,Q2,0.852
0001-4788,Accounting and Business Research,Q2,0.852
1467-629X,Accounting and Finance,Q1,0.895
0810-5391,Accounting and Finance,Q1,0.895
1530-9320,Accounting and the Public Interest,Q4,0.15
1744-9499,Accounting in Europe,Q1,0.949
1744-9480,Accounting in Europe,Q1,0.949
0951-3574,"Accounting, Auditing and Accountability Journal",Q1,1.688
2152-2820,"Accounting, Economics and Law: A Convivium",Q1,0.52
2509-7881,"Accounting, Finance, Sustainability, Governance and Fraud",Q4,0.111
2509-7873,"Accounting, Finance, Sustainability, Governance and Fraud",Q4,0.111
0361-3682,"Accounting, Organizations and Society",Q1,2.118
1684-1999,Acta Commercii,Q4,0.217
2413-1903,Acta Commercii,Q4,0.217
1805-4951,Acta Informatica Pragensia,Q2,0.247
2300-5599,Acta Innovations,Q3,0.254
1339-5629,Acta Logistica,Q3,0.279
1848-6061,Acta Turistica,Q3,0.181
0353-4316,Acta Turistica,Q3,0.181
1476-7341,Action Learning: Research and Practice,Q3,0.251
1476-7333,Action Learning: Research and Practice,Q3,0.251
1476-7503,Action Research,Q1,0.711
1873-5312,Additives for Polymers,Q4,0.1
0306-3747,Additives for Polymers,Q4,0.1
0095-3997,Administration and Society,Q1,1.082
1552-3039,Administration and Society,Q1,1.082
2076-3387,Administrative Sciences,Q2,0.706
1949-0461,Administrative Theory and Praxis,Q2,0.621
1084-1806,Administrative Theory and Praxis,Q2,0.621
0951-953X,Advanced Composites Bulletin,Q4,0.102
2055-0359,Advanced Manufacturing: Polymer and Composites Science,Q2,0.527
1046-5715,Advances in Accounting,Q2,0.457
0882-6110,Advances in Accounting,Q2,0.457
1085-4622,Advances in Accounting Education: Teaching and Curriculum Innovations,Q4,0.133
1069-0964,Advances in Business Marketing and Purchasing,Q4,0.108
1855-931X,Advances in Business Related Scientific Research Journal,Q4,0.115
0098-9258,Advances in Consumer Research,Q4,0.133
1871-3173,"Advances in Culture, Tourism and Hospitality Research",-,
1552-3055,Advances in Developing Human Resources,Q2,0.957
1523-4223,Advances in Developing Human Resources,Q2,0.957
1479-3598,Advances in Environmental Accounting and Management,Q2,0.38
1745-3542,Advances in Hospitality and Leisure,Q4,0.18
2147-9100,Advances in Hospitality and Tourism Research,Q3,0.294
1855-6531,Advances in Production Engineering and Management,Q2,0.645
1854-6250,Advances in Production Engineering and Management,Q2,0.645
2578-725X,Advances in Research on Russian Business and Management,Q4,0.112
2578-7268,Advances in Research on Russian Business and Management,Q4,0.112
2518-2994,Advances in Technology Innovation,Q3,0.202
2415-0436,Advances in Technology Innovation,Q3,0.202
2352-7528,Advances in Transdisciplinary Engineering,Q4,0.129
2352-751X,Advances in Transdisciplinary Engineering,Q4,0.129
2332-2373,Africa Journal of Management,Q3,0.364
1750-4554,African Journal of Business and Economic Research,Q4,0.156
1750-4562,African Journal of Business and Economic Research,Q4,0.156
2040-0713,African Journal of Economic and Management Studies,Q2,0.351
2040-0705,African Journal of Economic and Management Studies,Q2,0.351
2223-814X,"African Journal of Hospitality, Tourism and Leisure",Q3,0.276
1751-6455,Afro-Asian Journal of Finance and Accounting,Q4,0.193
1751-6447,Afro-Asian Journal of Finance and Accounting,Q4,0.193
1839-5619,Agricultural Commodities,Q4,0.101
0002-1466,Agricultural Finance Review,Q2,0.545
2041-6326,Agricultural Finance Review,Q2,0.545
2414-584X,Agricultural and Resource Economics,Q3,0.246
0002-7766,American Business Law Journal,Q2,0.363
2689-8810,American Business Review,Q3,0.221
1942-2962,American Health and Drug Benefits,Q3,0.303
1942-2970,American Health and Drug Benefits,Q3,0.303
1098-2140,American Journal of Evaluation,Q1,0.817
0196-6324,American Journal of Mathematical and Management Sciences,Q3,0.347
1552-3357,American Review of Public Administration,Q1,1.101
0275-0740,American Review of Public Administration,Q1,1.101
2476-4981,Annals of Applied Sport Science,Q3,0.225
2322-4479,Annals of Applied Sport Science,Q3,0.225
2381-6732,Annals of Corporate Governance,Q2,0.239
2381-6724,Annals of Corporate Governance,Q2,0.239
2198-5812,Annals of Data Science,Q1,0.832
2198-5804,Annals of Data Science,Q1,0.832
2010-4952,Annals of Financial Economics,Q1,1.088
2010-4960,Annals of Financial Economics,Q1,1.088
1174-5398,Annals of Leisure Research,Q1,0.661
2159-6816,Annals of Leisure Research,Q1,0.661
0160-7383,Annals of Tourism Research,Q1,2.461
2666-9579,Annals of Tourism Research Empirical Insights,Q1,0.918
1942-647X,"Annual Conference on Innovation and Technology in Computer Science Education, ITiCSE",-,0.381
2327-0608,Annual Review of Organizational Psychology and Organizational Behavior,Q1,12.191
0143-6228,Applied Geography,Q1,1.313
2054-7544,Applied Marketing Analytics,Q4,0.181
2054-7552,Applied Marketing Analytics,Q4,0.181
1526-4025,Applied Stochastic Models in Business and Industry,Q2,0.428
1524-1904,Applied Stochastic Models in Business and Industry,Q2,0.428
0957-0411,Arbitration International,Q2,0.349
1875-8398,Arbitration International,Q2,0.349
1752-7589,Architectural Engineering and Design Management,Q1,0.787
1745-2007,Architectural Engineering and Design Management,Q1,0.787
1233-5835,Argumenta Oeconomica,Q4,0.167
2164-7747,Artivate,Q1,0.242
2056-4953,Arts and the Market,Q2,0.271
2056-4945,Arts and the Market,Q2,0.271
1610-2932,Asia Europe Journal,Q2,0.442
2765-6500,Asia Marketing Journal,Q3,0.231
1598-7868,Asia Marketing Journal,Q3,0.231
1743-792X,Asia Pacific Business Review,Q2,0.558
1360-2381,Asia Pacific Business Review,Q2,0.558
1038-4111,Asia Pacific Journal of Human Resources,Q1,1.383
1744-7941,Asia Pacific Journal of Human Resources,Q1,1.383
0217-4561,Asia Pacific Journal of Management,Q1,1.47
1355-5855,Asia Pacific Journal of Marketing and Logistics,Q1,1.186
1758-4248,Asia Pacific Journal of Marketing and Logistics,Q1,1.186
1094-1665,Asia Pacific Journal of Tourism Research,Q1,0.885
1741-6507,Asia Pacific Journal of Tourism Research,Q1,0.885
1029-3132,Asia Pacific Management Review,Q1,1.187
2050-2680,Asia and the Pacific Policy Studies,Q2,0.383
2164-2257,Asia-Pacific Journal of Accounting and Economics,Q3,0.447
1608-1625,Asia-Pacific Journal of Accounting and Economics,Q3,0.447
1757-4331,Asia-Pacific Journal of Business Administration,Q1,0.961
1757-4323,Asia-Pacific Journal of Business Administration,Q1,0.961
2289-1471,Asia-Pacific Journal of Innovation in Hospitality and Tourism,Q3,0.198
2180-4184,Asian Academy of Management Journal,Q3,0.253
1394-2603,Asian Academy of Management Journal,Q3,0.253
1823-4992,Asian Academy of Management Journal of Accounting and Finance,Q4,0.182
1985-8299,Asian Academy of Management Journal of Accounting and Finance,Q4,0.182
1472-4782,Asian Business and Management,Q1,0.721
1476-9328,Asian Business and Management,Q1,0.721
0218-9275,Asian Case Research Journal,Q4,0.116
1793-6772,Asian Case Research Journal,Q4,0.116
2305-2147,Asian Economic and Financial Review,Q3,0.208
2222-6737,Asian Economic and Financial Review,Q3,0.208
1226-8240,Asian International Studies Review,Q3,0.126
2459-9700,Asian Journal of Accounting Research,Q2,0.585
2443-4175,Asian Journal of Accounting Research,Q2,0.585
2210-6731,Asian Journal of Business Ethics,Q1,0.532
2210-6723,Asian Journal of Business Ethics,Q1,0.532
2463-4522,Asian Journal of Business Research,Q2,0.311
1178-8933,Asian Journal of Business Research,Q2,0.311
2180-3137,Asian Journal of Business and Accounting,Q3,0.264
1985-4064,Asian Journal of Business and Accounting,Q3,0.264
2581-8430,Asian Journal of Interdisciplinary Research,Q3,0.118
0972-8201,Asian Journal of Management Cases,Q4,0.131
0973-0621,Asian Journal of Management Cases,Q4,0.131
2092-5212,Asian Journal of Shipping and Logistics,Q2,0.831
1976-1597,Asian Journal of Technology Innovation,Q2,0.663
2158-6721,Asian Journal of Technology Innovation,Q2,0.663
1758-8863,Asian Review of Accounting,Q2,0.456
1321-7348,Asian Review of Accounting,Q2,0.456
0971-3425,Asian Textile Journal,Q4,0.139
2183-489X,Atas da Conferencia da Associacao Portuguesa de Sistemas de Informacao,-,0.109
1982-1956,Atelie Geografico,Q4,0.15
2237-826X,AtoZ,Q4,0.127
1558-7991,Auditing,Q1,2.08
0278-0380,Auditing,Q1,2.08
1834-2000,"Australasian Accounting, Business and Finance Journal",Q2,0.417
1834-2019,"Australasian Accounting, Business and Finance Journal",Q2,0.417
1449-8618,Australasian Journal of Information Systems,Q1,0.796
1326-2238,Australasian Journal of Information Systems,Q1,0.796
1441-3582,Australasian Marketing Journal,Q1,1.403
1839-3349,Australasian Marketing Journal,Q1,1.403
1035-6908,Australian Accounting Review,Q2,0.847
1835-2561,Australian Accounting Review,Q2,0.847
2200-6974,Australian Journal of Career Development,Q2,0.471
1327-2020,Australian Journal of Management,Q2,0.733
0312-8962,Australian Journal of Management,Q2,0.733
2300-0929,Autex Research Journal,Q2,0.449
1470-9589,Autex Research Journal,Q2,0.449
1807-7692,BAR - Brazilian Administration Review,Q3,0.322
2398-631X,BMJ Leader,Q3,0.409
2340-9444,BRQ Business Research Quarterly,Q1,1.49
2340-9436,BRQ Business Research Quarterly,Q1,1.49
1746-5273,Baltic Journal of Management,Q2,0.752
1746-5265,Baltic Journal of Management,Q2,0.752
0005-5506,Banking Law Journal,Q4,0.105
1991-7074,Banks and Bank Systems,Q2,0.237
1816-7403,Banks and Bank Systems,Q2,0.237
1558-8009,Behavioral Research in Accounting,Q2,0.714
1050-4753,Behavioral Research in Accounting,Q2,0.714
2772-4859,"BenchCouncil Transactions on Benchmarks, Standards and Evaluations",Q1,1.531
1463-5771,Benchmarking,Q1,1.102
0373-4331,Betonwerk und Fertigteil-Technik/Concrete Plant and Precast Technology,Q4,0.1
0340-5370,Betriebswirtschaftliche Forschung und Praxis,Q4,0.108
2214-5796,Big Data Research,Q1,0.914
2214-580X,Big Data Research,Q1,0.914
2504-2289,Big Data and Cognitive Computing,Q1,0.922
2378-1394,BioProducts Business,Q2,0.428
1748-6041,Biomedical Materials (Bristol),Q2,0.716
1748-605X,Biomedical Materials (Bristol),Q2,0.716
0888-045X,Bottom Line,Q1,0.861
1808-2386,Brazilian Business Review,Q3,0.242
1679-8171,Brazilian Journal of Operations and Production Management,Q2,0.367
2237-8960,Brazilian Journal of Operations and Production Management,Q2,0.367
1095-8347,British Accounting Review,Q1,1.544
0890-8389,British Accounting Review,Q1,1.544
0007-070X,British Food Journal,Q1,0.817
1467-8543,British Journal of Industrial Relations,Q1,1.375
0007-1080,British Journal of Industrial Relations,Q1,1.375
1045-3172,British Journal of Management,Q1,2.267
1467-8551,British Journal of Management,Q1,2.267
0307-6164,British Plastics and Rubber,Q4,0.104
0007-1870,British Tax Review,Q3,0.204
0007-2303,Brookings Papers on Economic Activity,Q1,3.884
1533-4465,Brookings Papers on Economic Activity,Q1,3.884
1819-5490,Bulletin for International Taxation,Q3,0.197
2352-9202,Bulletin for International Taxation,Q3,0.197
0270-4676,"Bulletin of Science, Technology and Society",Q1,0.807
1552-4183,"Bulletin of Science, Technology and Society",Q1,0.807
0007-666X,Business Economics,Q2,0.661
1554-432X,Business Economics,Q2,0.661
1052-150X,Business Ethics Quarterly,Q1,2.018
2694-6424,"Business Ethics, the Environment and Responsibility",Q1,0.84
2694-6416,"Business Ethics, the Environment and Responsibility",Q1,0.84
1743-7938,Business History,Q1,0.683
0007-6791,Business History,Q1,0.683
0007-6805,Business History Review,Q1,0.352
2044-768X,Business History Review,Q1,0.352
0007-6813,Business Horizons,Q1,2.28
2587-8158,Business Informatics,Q4,0.205
2587-814X,Business Informatics,Q4,0.205
0266-3821,Business Information Review,Q2,0.358
0007-6899,Business Lawyer,Q4,0.135
2534-8396,Business Management,Q4,0.123
0861-6604,Business Management,Q4,0.123
2278-5337,Business Perspectives and Research,Q2,0.493
2394-9937,Business Perspectives and Research,Q2,0.493
1463-7154,Business Process Management Journal,Q1,0.961
2572-3170,Business Strategy and Development,Q1,0.827
1099-0836,Business Strategy and the Environment,Q1,3.609
0964-4733,Business Strategy and the Environment,Q1,3.609
1847-9375,Business Systems Research,Q2,0.298
2057-0198,Business and Human Rights Journal,Q1,0.79
2057-0201,Business and Human Rights Journal,Q1,0.79
1369-5258,Business and Politics,Q1,0.741
1469-3569,Business and Politics,Q1,0.741
2329-4922,Business and Professional Communication Quarterly,Q1,0.445
2329-4906,Business and Professional Communication Quarterly,Q1,0.445
2153-7828,Business and Professional Ethics Journal,Q2,0.226
0277-2027,Business and Professional Ethics Journal,Q2,0.226
0007-6503,Business and Society,Q1,3.113
1552-4205,Business and Society,Q1,3.113
0045-3609,Business and Society Review,Q2,0.486
1467-8594,Business and Society Review,Q2,0.486
2669-249X,"Business, Management and Economics Engineering",Q2,0.341
2669-2481,"Business, Management and Economics Engineering",Q2,0.341
1648-0627,Business: Theory and Practice,Q3,0.318
1822-4202,Business: Theory and Practice,Q3,0.318
1544-9106,CASE Journal,Q4,0.105
2413-9505,CERN IdeaSquare Journal of Experimental Innovation,Q3,0.216
2162-8564,California Management Review,Q1,2.416
0008-1256,California Management Review,Q1,2.416
1936-4490,Canadian Journal of Administrative Sciences,Q2,0.459
0825-0383,Canadian Journal of Administrative Sciences,Q2,0.459
1207-7798,Canadian Journal of Educational Administration and Policy,Q4,0.203
1499-6685,Canadian Journal of Learning and Technology,Q3,0.294
0008-5111,Canadian Tax Journal,Q4,0.126
2039-2362,Capitale Culturale,Q2,0.15
1362-0436,Career Development International,Q1,1.483
2161-0045,Career Development Quarterly,Q2,0.707
0889-4019,Career Development Quarterly,Q2,0.707
2165-1442,Career Development and Transition for Exceptional Individuals,Q1,1.9
2165-1434,Career Development and Transition for Exceptional Individuals,Q1,1.9
1523-0406,Cartography and Geographic Information Science,Q2,0.538
1805-4854,Central European Business Review,Q3,0.303
1805-4862,Central European Business Review,Q3,0.303
2300-9705,Central European Journal of Sport Sciences and Medicine,Q4,0.19
2353-2807,Central European Journal of Sport Sciences and Medicine,Q4,0.19
2658-0845,Central European Management Journal,Q2,0.459
2658-2430,Central European Management Journal,Q2,0.459
2327-798X,Change Management,Q4,0.137
2327-9176,Change Management,Q4,0.137
1434-3584,Chemical Fibers International,Q4,0.101
0009-4056,Childhood Education,Q4,0.136
2162-0725,Childhood Education,Q4,0.136
1671-8135,China Biotechnology,Q4,0.122
1755-3091,China Journal of Accounting Research,Q2,0.804
2169-7213,China Journal of Accounting Studies,Q3,0.331
2169-7221,China Journal of Accounting Studies,Q3,0.331
0219-7472,China: An International Journal,Q3,0.259
1750-614X,Chinese Management Studies,Q2,0.643
0264-2751,Cities,Q1,1.839
1618-954X,Clean Technologies and Environmental Policy,Q1,0.87
1618-9558,Clean Technologies and Environmental Policy,Q1,0.87
2772-3909,Cleaner Logistics and Supply Chain,Q1,1.528
1940-2473,Clothing and Textiles Research Journal,Q1,0.791
0887-302X,Clothing and Textiles Research Journal,Q1,0.791
1752-1890,Coaching,Q3,0.522
1752-1882,Coaching,Q3,0.522
2331-1975,Cogent Business and Management,Q2,0.596
0146-2679,Collection Management,Q2,0.403
1545-2549,Collection Management,Q2,0.403
2206-3374,Communication Research and Practice,Q2,0.462
2730-051X,Communication Today,Q3,0.239
1338-130X,Communication Today,Q3,0.239
2271-734X,Communication and Management,Q4,0.123
2269-7195,Communication and Management,Q4,0.123
1552-3837,Compensation and Benefits Review,Q4,0.205
0886-3687,Compensation and Benefits Review,Q4,0.205
1024-5294,Competition and Change,Q1,2.054
1477-2221,Competition and Change,Q1,2.054
2399-2956,Competition and Regulation in Network Industries,Q2,0.554
1783-5917,Competition and Regulation in Network Industries,Q2,0.554
2051-3143,Competitiveness Review,Q1,0.898
1059-5422,Competitiveness Review,Q1,0.898
2255-9922,Complex Systems Informatics and Modeling Quarterly,Q3,0.301
1262-2788,Comptabilite Controle Audit,Q4,0.137
1619-697X,Computational Management Science,Q2,0.483
1619-6988,Computational Management Science,Q2,0.483
0267-3649,Computer Law and Security Review,Q1,1.085
2204-9029,Construction Economics and Building,Q2,0.43
0144-6193,Construction Management and Economics,Q1,0.909
1466-433X,Construction Management and Economics,Q1,0.909
2752-6674,Consumer Behavior in Tourism and Hospitality,Q1,0.683
2752-6666,Consumer Behavior in Tourism and Hospitality,Q1,0.683
1025-3866,Consumption Markets and Culture,Q1,0.898
1477-223X,Consumption Markets and Culture,Q1,0.898
0186-1042,Contaduria y Administracion,Q4,0.139
0823-9150,Contemporary Accounting Research,Q1,3.069
1911-3846,Contemporary Accounting Research,Q1,3.069
1465-7287,Contemporary Economic Policy,Q2,0.599
1074-3529,Contemporary Economic Policy,Q2,0.599
2300-8814,Contemporary Economics,Q2,0.443
2084-0845,Contemporary Economics,Q2,0.443
1309-517X,Contemporary Educational Technology,Q1,1.099
1813-5498,Contemporary Management Research,Q3,0.231
1569-3759,Contemporary Studies in Economic and Financial Analysis,-,
2197-716X,Contributions to Management Science,Q4,0.133
1431-1941,Contributions to Management Science,Q4,0.133
0010-8367,Cooperation and Conflict,Q1,1.067
1460-3691,Cooperation and Conflict,Q1,1.067
2660-6348,Cooperativismo e Economia Social,Q4,0.111
1130-2682,Cooperativismo e Economia Social,Q4,0.111
1938-9663,Cornell Hospitality Quarterly,Q1,1.543
1938-9655,Cornell Hospitality Quarterly,Q1,1.543
1810-8601,"Corporate Board: Role, Duties and Composition",-,
2312-2722,"Corporate Board: Role, Duties and Composition",-,
1356-3289,Corporate Communications,Q2,0.715
1472-0701,Corporate Governance (Bingley),Q1,1.036
2521-1889,Corporate Governance and Organizational Behavior Review (discontinued),-,
2521-1870,Corporate Governance and Organizational Behavior Review (discontinued),-,
2519-898X,Corporate Governance and Sustainability Review,Q4,0.195
2519-8971,Corporate Governance and Sustainability Review,Q4,0.195
0964-8410,Corporate Governance: An International Review,Q1,1.493
1467-8683,Corporate Governance: An International Review,Q1,1.493
2707-1111,Corporate Law and Governance Review,Q3,0.151
2664-1542,Corporate Law and Governance Review,Q3,0.151
1363-3589,Corporate Reputation Review,Q2,0.641
1479-1889,Corporate Reputation Review,Q2,0.641
1535-3958,Corporate Social Responsibility and Environmental Management,Q1,2.294
1535-3966,Corporate Social Responsibility and Environmental Management,Q1,2.294
2708-9924,Corporate and Business Strategy Review,Q4,0.209
2708-4965,Corporate and Business Strategy Review,Q4,0.209
0590-8876,Costume,Q4,0.101
1749-6306,Costume,Q4,0.101
1751-0708,Creative Industries Journal,Q1,0.38
1751-0694,Creative Industries Journal,Q1,0.38
0963-1690,Creativity and Innovation Management,Q1,1.163
1467-8691,Creativity and Innovation Management,Q1,1.163
2199-1227,Credit and Capital Markets,Q4,0.13
2199-1235,Credit and Capital Markets,Q4,0.13
1045-2354,Critical Perspectives on Accounting,Q1,2.426
1095-9955,Critical Perspectives on Accounting,Q1,2.426
1742-2043,Critical Perspectives on International Business,Q2,0.722
2695-7566,Cronica Tributaria,Q3,0.148
2059-5794,Cross Cultural and Strategic Management,Q1,0.707
1900-7205,Cuadernos de Administracion,Q4,0.115
0120-3592,Cuadernos de Administracion,Q4,0.115
1131-6837,Cuadernos de Gestion,Q2,0.419
1988-2157,Cuadernos de Gestion,Q2,0.419
1131-8635,Cuadernos de Relaciones Laborales,Q4,0.152
1988-2572,Cuadernos de Relaciones Laborales,Q4,0.152
1989-4635,Cuadernos de Turismo,Q4,0.156
1139-7861,Cuadernos de Turismo,Q4,0.156
2512-6962,Cultural Management: Science and Education,Q2,0.178
1477-2760,Culture and Organization,Q1,0.495
1475-9551,Culture and Organization,Q1,0.495
1936-1270,Current Issues in Auditing,Q3,0.475
1747-7603,Current Issues in Tourism,Q1,1.703
1368-3500,Current Issues in Tourism,Q1,1.703
1808-2882,Custos e Agronegocio,Q4,0.143
2475-3718,Cutter Business Technology Journal,Q4,0.104
2475-3742,Cutter Business Technology Journal,Q4,0.104
1821-2506,DETUROPE,Q3,0.254
0116-7111,DLSU Business and Economics Review,Q4,0.151
2331-1622,Data Base for Advances in Information Systems,Q1,0.872
1532-0936,Data Base for Advances in Information Systems,Q1,0.872
2666-7649,Data Science and Management,Q1,1.37
0011-7315,Decision Sciences,Q1,1.62
1540-5915,Decision Sciences,Q1,1.62
1540-4609,Decision Sciences Journal of Innovative Education,Q3,0.281
1540-4595,Decision Sciences Journal of Innovative Education,Q3,0.281
0167-9236,Decision Support Systems,Q1,2.366
1477-7282,Development and Learning in Organizations,Q3,0.212
2043-0531,Developments in Corporate Governance and Responsibility,Q4,0.133
2043-0523,Developments in Corporate Governance and Responsibility,Q4,0.133
2666-9544,Digital Business,Q1,1.328
2398-5038,"Digital Policy, Regulation and Governance",Q2,0.528
2398-5046,"Digital Policy, Regulation and Governance",Q2,0.528
2755-0761,Digital Transformation and Society,Q2,0.353
2755-077X,Digital Transformation and Society,Q2,0.353
1132-175X,Direccion y Organizacion,Q3,0.189
2171-6323,Direccion y Organizacion,Q3,0.189
1758-6100,Disaster Prevention and Management,Q2,0.554
0965-3562,Disaster Prevention and Management,Q2,0.554
2450-0402,Discourses on Culture,Q4,0.109
2350-367X,Dynamic Relationships Management Journal,Q4,0.126
2232-5867,Dynamic Relationships Management Journal,Q4,0.126
1212-3609,E a M: Ekonomie a Management,Q2,0.299
1885-7019,E-Balonmano.com: Revista de Ciencias del Deporte,Q3,0.257
2280-4056,E-Journal of International and Comparative Labour Studies,Q4,0.117
2032-944X,EAI Endorsed Transactions on Energy Web,Q4,0.202
2414-1399,EAI Endorsed Transactions on Internet of Things,Q3,0.198
0928-2750,EC Tax Review,Q2,0.421
1875-8363,EC Tax Review,Q2,0.421
2303-5005,ECONOMICS - Innovative and Economics Research Journal,Q2,0.438
2303-5013,ECONOMICS - Innovative and Economics Research Journal,Q2,0.438
1042-9247,EMJ - Engineering Management Journal,Q2,0.479
2193-9446,EURO Journal on Decision Processes,Q2,0.595
2193-9438,EURO Journal on Decision Processes,Q2,0.595
1729-3774,Eastern-European Journal of Enterprise Technologies,Q3,0.274
1729-4061,Eastern-European Journal of Enterprise Technologies,Q3,0.274
1529-7470,Economia,Q3,0.225
1533-6239,Economia,Q3,0.225
1972-4802,Economia Agro-Alimentare,Q2,0.217
1126-1668,Economia Agro-Alimentare,Q2,0.217
1450-863X,Economic Horizons,Q3,0.271
2217-9232,Economic Horizons,Q3,0.271
0095-2583,Economic Inquiry,Q1,1.122
1465-7295,Economic Inquiry,Q1,1.122
0143-831X,Economic and Industrial Democracy,Q1,1.106
1461-7099,Economic and Industrial Democracy,Q1,1.106
1035-3046,Economic and Labour Relations Review,Q2,0.57
1838-2673,Economic and Labour Relations Review,Q2,0.57
2254-4380,Economics and Business Letters,Q3,0.268
2392-1641,Economics and Business Review,Q3,0.299
2450-0097,Economics and Business Review,Q3,0.299
2255-7563,Economics and Culture,Q2,0.234
2256-0173,Economics and Culture,Q2,0.234
2071-789X,Economics and Sociology,Q2,0.468
2306-3459,Economics and Sociology,Q2,0.468
2304-6155,Economics of Development,Q3,0.178
1683-1942,Economics of Development,Q3,0.178
1435-6104,Economics of Governance,Q2,0.34
1435-8131,Economics of Governance,Q2,0.34
1476-8364,Economics of Innovation and New Technology,Q1,1.071
1043-8599,Economics of Innovation and New Technology,Q1,1.071
1749-852X,Economics of Peace and Security Journal,Q3,0.248
0249-4744,Economie et Prevision,Q4,0.112
1777-5795,Economie et Prevision,Q4,0.112
2194-6167,Economists' Voice,Q2,0.345
1553-3832,Economists' Voice,Q2,0.345
0308-5147,Economy and Society,Q1,1.343
1469-5766,Economy and Society,Q1,1.343
2072-6414,Economy of Regions,Q3,0.265
2411-1406,Economy of Regions,Q3,0.265
0040-0912,Education and Training,Q1,0.962
1300-4832,Educational Administration: Theory and Practice (discontinued),-,
2148-2403,Educational Administration: Theory and Practice (discontinued),-,
1874-8597,"Educational Assessment, Evaluation and Accountability",Q1,1.138
1874-8600,"Educational Assessment, Evaluation and Accountability",Q1,1.138
1741-1440,Educational Management Administration and Leadership,Q1,1.711
1741-1432,Educational Management Administration and Leadership,Q1,1.711
1040-6190,Electricity Journal,Q1,0.759
1567-4223,Electronic Commerce Research and Applications,Q1,1.411
1477-7029,Electronic Journal of Business Research Methods,Q4,0.16
1479-4411,Electronic Journal of Knowledge Management,Q3,0.217
1422-8890,Electronic Markets,Q1,2.325
1019-6781,Electronic Markets,Q1,2.325
2045-0621,Emerald Emerging Markets Case Studies,Q4,0.16
1873-6173,Emerging Markets Review,Q1,1.404
1566-0141,Emerging Markets Review,Q1,1.404
0142-5455,Employee Relations,Q1,1.007
0892-7545,Employee Responsibilities and Rights Journal,Q2,0.564
1518-2924,Encontros Bibli,Q3,0.187
1392-2785,Engineering Economics,Q2,0.433
2029-5839,Engineering Economics,Q2,0.433
2543-6597,Engineering Management in Production and Services,Q2,0.414
2543-912X,Engineering Management in Production and Services,Q2,0.414
2157-3727,Engineering Project Organization Journal,Q4,0.142
2157-3735,Engineering Project Organization Journal,Q4,0.142
1365-232X,"Engineering, Construction and Architectural Management",Q1,1.0
0969-9988,"Engineering, Construction and Architectural Management",Q1,1.0
2174-548X,Enlightening Tourism,Q3,0.269
1467-2227,Enterprise and Society,Q1,0.695
1467-2235,Enterprise and Society,Q1,0.695
2353-883X,Entrepreneurial Business and Economics Review,Q1,0.646
2353-8821,Entrepreneurial Business and Economics Review,Q1,0.646
2520-8152,Entrepreneurship Education,Q2,0.372
2520-8144,Entrepreneurship Education,Q2,0.372
2515-1274,Entrepreneurship Education and Pedagogy,Q2,0.578
2157-5665,Entrepreneurship Research Journal,Q2,0.891
2194-6175,Entrepreneurship Research Journal,Q2,0.891
1042-2587,Entrepreneurship Theory and Practice,Q1,6.876
1540-6520,Entrepreneurship Theory and Practice,Q1,6.876
1464-5114,Entrepreneurship and Regional Development,Q1,1.353
0898-5626,Entrepreneurship and Regional Development,Q1,1.353
1161-2770,Entreprises et Histoire,Q2,0.201
1758-7093,"Equality, Diversity and Inclusion",Q1,0.852
2040-7149,"Equality, Diversity and Inclusion",Q1,0.852
0123-5923,Estudios Gerenciales,Q3,0.241
2665-6744,Estudios Gerenciales,Q3,0.241
1309-4297,Eurasian Business Review,Q1,1.116
2147-4281,Eurasian Business Review,Q1,1.116
2072-0823,Eurasian Mining,Q2,0.463
2364-5067,Eurasian Studies in Business and Economics,Q4,0.123
2364-5075,Eurasian Studies in Business and Economics,Q4,0.123
1450-2194,EuroMed Journal of Business,Q1,1.078
1758-888X,EuroMed Journal of Business,Q1,1.078
0963-8180,European Accounting Review,Q1,1.381
1468-4497,European Accounting Review,Q1,1.381
1741-6205,European Business Organization Law Review,Q1,0.867
1566-7529,European Business Organization Law Review,Q1,0.867
0955-534X,European Business Review,Q1,1.069
1354-7798,European Financial Management,Q1,1.136
1468-036X,European Financial Management,Q1,1.136
2694-7161,European Journal of Business Science and Technology,Q4,0.193
2336-6494,European Journal of Business Science and Technology,Q4,0.193
2444-877X,European Journal of Family Business,Q3,0.295
2444-8788,European Journal of Family Business,Q3,0.295
2195-2248,European Journal of Futures Research,Q1,1.014
2195-4194,European Journal of Futures Research,Q1,1.014
1461-7129,European Journal of Industrial Relations,Q1,1.238
0959-6801,European Journal of Industrial Relations,Q1,1.238
0960-085X,European Journal of Information Systems,Q1,3.459
1476-9344,European Journal of Information Systems,Q1,3.459
1460-1060,European Journal of Innovation Management,Q1,1.397
1751-6757,European Journal of International Management,Q3,0.318
1751-6765,European Journal of International Management,Q3,0.318
0929-1261,European Journal of Law and Economics,Q2,0.377
1572-9990,European Journal of Law and Economics,Q2,0.377
2444-8451,European Journal of Management and Business Economics,Q2,0.665
2444-8494,European Journal of Management and Business Economics,Q2,0.665
0309-0566,European Journal of Marketing,Q1,1.709
1314-0817,European Journal of Tourism Research,Q2,0.651
1994-7658,European Journal of Tourism Research,Q2,0.651
2046-9012,European Journal of Training and Development,Q1,0.872
2046-9020,European Journal of Training and Development,Q1,0.872
1359-432X,European Journal of Work and Organizational Psychology,Q1,1.919
0263-2373,European Management Journal,Q1,1.913
1740-4762,European Management Review,Q1,1.142
1740-4754,European Management Review,Q1,1.142
2560-4961,European Project Management Journal,Q4,0.167
2444-8834,European Research on Management and Business Economics,Q1,1.473
1746-031X,European Sport Management Quarterly,Q1,1.407
1618-4742,European Sport Management Quarterly,Q1,1.407
0149-7189,Evaluation and Program Planning,Q2,0.554
1873-7870,Evaluation and Program Planning,Q2,0.554
1525-9951,Event Management,Q3,0.408
2049-3983,Evidence-based HRM,Q2,0.443
2049-3991,Evidence-based HRM,Q2,0.443
2455-2658,FIIB Business Review,Q2,0.605
2319-7145,FIIB Business Review,Q2,0.605
2569-7692,Fabriksoftware,Q4,0.1
1741-6248,Family Business Review,Q1,2.718
0894-4865,Family Business Review,Q1,2.718
2198-0802,Fashion and Textiles,Q1,0.75
2050-0734,"Fashion, Style and Popular Culture",Q1,0.27
2050-0726,"Fashion, Style and Popular Culture",Q1,0.27
0014-9187,Federal Reserve Bank of St. Louis Review,Q2,0.654
1466-4372,Feminist Economics,Q1,1.318
1354-5701,Feminist Economics,Q1,1.318
2300-7354,Fibres and Textiles in Eastern Europe,Q3,0.252
1230-3666,Fibres and Textiles in Eastern Europe,Q3,0.252
2101-0145,Finance,Q4,0.194
0752-6180,Finance,Q4,0.194
0970-3772,Finance India,Q4,0.142
0015-1920,Finance a Uver - Czech Journal of Economics and Finance,Q4,0.19
2587-7089,Finance: Theory and Practice,Q3,0.185
2587-5671,Finance: Theory and Practice,Q3,0.185
1468-0408,Financial Accountability and Management,Q1,0.855
0267-4424,Financial Accountability and Management,Q1,0.855
0015-198X,Financial Analysts Journal,Q1,2.148
2199-4730,Financial Innovation,Q1,1.287
0046-3892,Financial Management,Q1,3.226
1934-4554,Financial Markets and Portfolio Management,Q3,0.423
2373-8529,Financial Markets and Portfolio Management,Q3,0.423
2306-4994,Financial and Credit Activity: Problems of Theory and Practice,Q4,0.201
2310-8770,Financial and Credit Activity: Problems of Theory and Practice,Q4,0.201
0143-5671,Fiscal Studies,Q2,0.625
1475-5890,Fiscal Studies,Q2,0.625
1066-3487,Florida Tax Review,Q3,0.198
2476-1699,Florida Tax Review,Q3,0.198
1730-4237,Folia Oeconomica Stetinensia,Q4,0.167
1898-0198,Folia Oeconomica Stetinensia,Q4,0.167
1344-6606,Food Science and Technology Research,Q3,0.271
0015-6914,Forbes,Q4,0.1
0015-7325,Foreign Trade Review,Q2,0.455
0971-7633,Foreign Trade Review,Q2,0.455
1465-9832,Foresight,Q1,0.625
1463-6689,Foresight,Q1,0.625
2312-9972,Foresight and STI Governance,Q2,0.352
2500-2597,Foresight and STI Governance,Q2,0.352
2107-0946,Formation Emploi,Q3,0.184
0759-6340,Formation Emploi,Q3,0.184
2353-4435,Forum Scientiae Oeconomia,Q1,0.607
2300-5947,Forum Scientiae Oeconomia,Q1,0.607
1554-0642,Foundations and Trends in Accounting,Q1,1.706
1554-0650,Foundations and Trends in Accounting,Q1,1.706
1551-3114,Foundations and Trends in Entrepreneurship,Q1,1.03
1551-3122,Foundations and Trends in Entrepreneurship,Q1,1.03
2331-124X,Foundations and Trends in Information Systems,Q3,0.297
2331-1231,Foundations and Trends in Information Systems,Q3,0.297
1555-0761,Foundations and Trends in Marketing,Q2,0.868
1555-0753,Foundations and Trends in Marketing,Q2,0.868
2300-5661,Foundations of Management,Q4,0.162
2080-7279,Foundations of Management,Q4,0.162
2624-9367,Frontiers in Sports and Active Living,Q1,0.864
1673-7326,Frontiers of Business Research in China,Q3,0.233
1673-7431,Frontiers of Business Research in China,Q3,0.233
2475-2797,Frontiers of Health Services Management,Q4,0.194
0748-8157,Frontiers of Health Services Management,Q4,0.194
1464-2859,Fuel Cells Bulletin,Q4,0.151
0016-3287,Futures,Q1,1.12
2573-5152,Futures and Foresight Science,Q2,0.776
0337-307X,Futuribles: Analyse et Prospective,Q4,0.16
1554-964X,GENEVA Risk and Insurance Review,Q3,0.287
1554-9658,GENEVA Risk and Insurance Review,Q3,0.287
1411-1128,Gadjah Mada International Journal of Business,Q3,0.378
2338-7238,Gadjah Mada International Journal of Business,Q3,0.378
0921-5077,Gedrag en Organisatie,Q4,0.163
1875-7235,Gedrag en Organisatie,Q4,0.163
1754-2413,Gender in Management,Q1,0.844
1468-0432,"Gender, Work and Organization",Q1,2.539
0968-6673,"Gender, Work and Organization",Q1,2.539
1935-472X,Genetic Engineering and Biotechnology News,Q4,0.14
1018-5895,Geneva Papers on Risk and Insurance: Issues and Practice,Q2,0.597
1468-0440,Geneva Papers on Risk and Insurance: Issues and Practice,Q2,0.597
0354-8724,Geographica Pannonica,Q3,0.32
1820-7138,Geographica Pannonica,Q3,0.32
2065-1198,Geojournal of Tourism and Geosites,Q1,0.296
2065-0817,Geojournal of Tourism and Geosites,Q1,0.296
2397-0022,German Journal of Human Resource Management,Q1,1.188
2397-0030,German Journal of Human Resource Management,Q1,1.188
0104-530X,Gestao e Producao,Q3,0.24
0973-0664,Global Business Review,Q2,0.581
0972-1509,Global Business Review,Q2,0.581
1097-4954,Global Business and Economics Review,Q4,0.167
1745-1329,Global Business and Economics Review,Q4,0.167
2384-1648,Global Business and Finance Review,Q3,0.25
1088-6931,Global Business and Finance Review,Q3,0.25
1932-2054,Global Business and Organizational Excellence,Q1,1.432
1932-2062,Global Business and Organizational Excellence,Q1,1.432
1226-508X,Global Economic Review,Q2,0.382
0974-9101,Global Journal of Emerging Market Economies,Q2,0.358
0975-2730,Global Journal of Emerging Market Economies,Q2,0.358
0972-2696,Global Journal of Flexible Systems Management,Q1,1.148
2042-5805,Global Strategy Journal,Q1,3.471
1875-6468,Global Trade and Customs Journal,Q2,0.243
1569-755X,Global Trade and Customs Journal,Q2,0.243
0952-1895,Governance,Q1,1.426
1468-0491,Governance,Q1,1.426
2159-2977,Graziadio Business Review,Q4,0.13
0926-2644,Group Decision and Negotiation,Q1,0.641
1572-9907,Group Decision and Negotiation,Q1,0.641
1059-6011,Group and Organization Management,Q1,2.373
2366-6145,Gruppe. Interaktion. Organisation. Zeitschrift fur Angewandte Organisationspsychologie,Q3,0.237
2366-6218,Gruppe. Interaktion. Organisation. Zeitschrift fur Angewandte Organisationspsychologie,Q3,0.237
1573-448X,Handbook of Industrial Organization,Q1,10.234
0017-8012,Harvard Business Review,Q2,0.553
1550-5030,Health Care Management Review,Q1,1.128
0361-6274,Health Care Management Review,Q1,1.128
1545-0864,Health Marketing Quarterly,Q2,0.329
0735-9683,Health Marketing Quarterly,Q2,0.329
2712-0554,Heritage and Sustainable Development,Q2,0.289
2373-518X,History of Retailing and Consumption,Q1,0.214
2373-5171,History of Retailing and Consumption,Q1,0.214
2436-097X,Hitotsubashi Journal of Economics,Q4,0.158
2042-7921,Hospitality and Society,Q2,0.271
2042-7913,Hospitality and Society,Q2,0.271
2158-2122,Hotel Management,Q4,0.101
1096-4649,Howard Journal of Communications,Q2,0.37
1064-6175,Howard Journal of Communications,Q2,0.37
0895-9285,Human Performance,Q2,0.96
1532-7043,Human Performance,Q2,0.96
0018-7267,Human Relations,Q1,4.148
1741-282X,Human Relations,Q1,4.148
1367-8868,Human Resource Development International,Q2,1.066
1469-8374,Human Resource Development International,Q2,1.066
1532-1096,Human Resource Development Quarterly,Q1,1.294
1044-8004,Human Resource Development Quarterly,Q1,1.294
1552-6712,Human Resource Development Review,Q2,1.027
1534-4843,Human Resource Development Review,Q2,1.027
0090-4848,Human Resource Management,Q1,3.663
1099-050X,Human Resource Management,Q1,3.663
0967-0734,Human Resource Management International Digest,Q4,0.101
0954-5395,Human Resource Management Journal,Q1,3.027
1053-4822,Human Resource Management Review,Q1,3.934
2330-314X,"Human Service Organizations Management, Leadership and Governance",Q2,0.481
2330-3131,"Human Service Organizations Management, Leadership and Governance",Q2,0.481
0167-2533,Human Systems Management,Q3,0.391
2366-6048,Humanistic Management Journal,Q2,0.42
2662-9992,Humanities and Social Sciences Communications,Q1,0.81
2312-5659,Humanities and Social Sciences Letters,Q3,0.181
2312-4318,Humanities and Social Sciences Letters,Q3,0.181
1947-3788,IBIMA Business Review,Q4,0.149
2184-772X,ICSBT International Conference on Smart Business Technologies,-,0.153
2471-2825,IEEE Communications Standards Magazine,Q1,2.174
0360-8581,IEEE Engineering Management Review,Q2,0.473
2157-362X,IEEE International Conference on Industrial Engineering and Engineering Management,-,0.192
2157-3611,IEEE International Conference on Industrial Engineering and Engineering Management,-,0.192
0278-6648,IEEE Potentials,Q4,0.164
0018-9391,IEEE Transactions on Engineering Management,Q1,1.134
1558-0040,IEEE Transactions on Engineering Management,Q1,1.134
1558-1500,IEEE Transactions on Professional Communication,Q1,0.749
0361-1434,IEEE Transactions on Professional Communication,Q1,0.749
2048-3430,IHS Jane's Defence Weekly,Q4,0.1
0970-3896,IIMB Management Review,Q3,0.335
0019-7939,ILR Review,Q1,3.136
2162-271X,ILR Review,Q1,3.136
1471-678X,IMA Journal of Management Mathematics,Q1,0.622
1471-6798,IMA Journal of Management Mathematics,Q1,0.622
2041-417X,IMF Economic Review,Q1,2.079
2041-4161,IMF Economic Review,Q1,2.079
2644-0865,INFORMS Journal on Applied Analytics,Q2,0.498
2644-0873,INFORMS Journal on Applied Analytics,Q2,0.498
1532-0545,INFORMS Transactions on Education,Q2,0.345
2771-6953,ITMS - International Scientific Conference on Information Technology and Management Science of Riga Technical University,-,
2771-6937,ITMS - International Scientific Conference on Information Technology and Management Science of Riga Technical University,-,
2520-1786,IZA Journal of Development and Migration,Q1,0.665
2193-8997,IZA Journal of Labor Economics,Q2,0.498
2193-9004,IZA Journal of Labor Policy,Q2,0.451
2806-4208,Icon,Q3,0.145
1361-8113,Icon,Q3,0.145
1753-8254,Indian Growth and Development Review,Q3,0.276
1753-8262,Indian Growth and Development Review,Q3,0.276
0974-6862,Indian Journal of Corporate Governance,Q3,0.273
2454-2482,Indian Journal of Corporate Governance,Q3,0.273
2277-5412,Indian Journal of Economics and Development,Q4,0.148
2322-0430,Indian Journal of Economics and Development,Q4,0.148
0973-8703,Indian Journal of Marketing,Q4,0.223
1973-8137,Industria,Q4,0.147
0019-7416,Industria,Q4,0.147
1222-5347,Industria Textila,Q3,0.267
0263-5577,Industrial Management and Data Systems,Q1,1.279
0019-8501,Industrial Marketing Management,Q1,2.621
0019-8676,Industrial Relations,Q1,0.931
1468-232X,Industrial Relations,Q1,0.931
1468-2338,Industrial Relations Journal,Q2,0.92
0019-8692,Industrial Relations Journal,Q2,0.92
0019-7858,Industrial and Commercial Training,Q2,0.575
1464-3650,Industrial and Corporate Change,Q1,1.28
0960-6491,Industrial and Corporate Change,Q1,1.28
1862-0035,Industrielle Beziehungen,Q4,0.116
0943-2779,Industrielle Beziehungen,Q4,0.116
2043-6858,Industry and Higher Education,Q2,0.599
0950-4222,Industry and Higher Education,Q2,0.599
1366-2716,Industry and Innovation,Q1,1.41
1469-8390,Industry and Innovation,Q1,1.41
1587-8694,Informacios Tarsadalom,Q2,0.283
1533-7979,Information Resources Management Journal,Q2,0.263
1040-1628,Information Resources Management Journal,Q2,0.263
0197-2243,Information Society,Q1,1.245
1087-6537,Information Society,Q1,1.245
1526-5536,Information Systems Research,Q1,4.85
1047-7047,Information Systems Research,Q1,4.85
1385-951X,Information Technology and Management,Q1,0.643
1573-7667,Information Technology and Management,Q1,0.643
1098-3058,Information Technology and Tourism,Q1,1.604
1943-4294,Information Technology and Tourism,Q1,1.604
2056-4961,Information and Computer Security,Q2,0.485
0378-7206,Information and Management,Q1,2.92
2783-6207,Information and Media,Q3,0.172
1471-7727,Information and Organization,Q1,1.803
2248-6968,Innovar,Q3,0.168
0121-5051,Innovar,Q3,0.168
2949-7531,Innovation and Green Development,Q1,2.817
2515-8961,Innovation and Management Review,Q2,0.772
1447-9338,Innovation: Organization and Management,Q1,1.467
1351-1610,Innovation: The European Journal of Social Science Research,Q1,0.577
1469-8412,Innovation: The European Journal of Social Science Research,Q1,0.577
1267-4982,Innovations,Q4,0.174
1814-2427,Innovative Marketing,Q2,0.28
1816-6326,Innovative Marketing,Q2,0.28
2232-1640,Institutions and Economies,Q3,0.205
2232-1349,Institutions and Economies,Q3,0.205
2522-9591,Insurance Markets and Companies,Q3,0.193
2616-3551,Insurance Markets and Companies,Q3,0.193
2014-3214,Intangible Capital,Q3,0.249
1697-9818,Intangible Capital,Q3,0.249
1822-8038,Intellectual Economics,Q2,0.289
1822-8011,Intellectual Economics,Q2,0.289
1550-1949,"Intelligent Systems in Accounting, Finance and Management",Q2,0.673
2160-0074,"Intelligent Systems in Accounting, Finance and Management",Q2,0.673
2981-0795,Interdisciplinary Journal of Management Studies,Q3,0.225
1613-964X,Intereconomics,Q1,0.604
0020-5346,Intereconomics,Q1,0.604
0969-5931,International Business Review,Q1,2.104
2640-1177,International Conference on Construction in the 21st Century,-,0.114
2724-0339,"International Conference on Harbour, Maritime and Multimodal Logistics Modelling and Simulation",-,0.185
2155-0751,"International Conference on Information and Knowledge Management, Proceedings",-,1.596
2184-3481,International Conference on Quality Engineering and Management,-,0.13
2331-9569,"International Conference on Virtual Rehabilitation, ICVR",-,0.187
2165-4077,"International Conference on the European Energy Market, EEM",-,0.252
2165-4093,"International Conference on the European Energy Market, EEM",-,0.252
0020-658X,International Dyer and Finisher,Q4,0.1
2110-7017,International Economics,Q1,0.963
1554-7191,International Entrepreneurship and Management Journal,Q1,1.352
1096-7508,International Food and Agribusiness Management Review,Q2,0.426
1559-2448,International Food and Agribusiness Management Review,Q2,0.426
0219-1989,International Game Theory Review,Q3,0.218
1793-6675,International Game Theory Review,Q3,0.218
2184-3228,"International Joint Conference on Knowledge Discovery, Knowledge Engineering and Knowledge Management, IC3K - Proceedings",-,0.145
0146-6518,International Journal for Housing Science and Its Applications,Q4,0.106
2213-3933,International Journal of Accounting,Q2,0.476
1094-4060,International Journal of Accounting,Q2,0.476
1467-0895,International Journal of Accounting Information Systems,Q1,1.367
1758-9037,International Journal of Accounting and Information Management,Q1,0.991
1834-7649,International Journal of Accounting and Information Management,Q1,0.991
1740-8008,"International Journal of Accounting, Auditing and Performance Evaluation",Q4,0.182
1740-8016,"International Journal of Accounting, Auditing and Performance Evaluation",Q4,0.182
1861-1303,International Journal of Action Research,Q3,0.252
1861-9916,International Journal of Action Research,Q3,0.252
1758-938X,International Journal of Advanced Operations Management,Q3,0.251
1758-9398,International Journal of Advanced Operations Management,Q3,0.251
1759-3948,International Journal of Advertising,Q1,2.914
0265-0487,International Journal of Advertising,Q1,2.914
1741-9174,International Journal of Agile Systems and Management,Q2,0.329
1741-9182,International Journal of Agile Systems and Management,Q2,0.329
2291-8639,International Journal of Analysis and Applications,Q3,0.268
1546-542X,International Journal of Applied Ceramic Technology,Q3,0.423
1744-7402,International Journal of Applied Ceramic Technology,Q3,0.423
1755-8085,International Journal of Applied Decision Sciences,Q3,0.248
1755-8077,International Journal of Applied Decision Sciences,Q3,0.248
2577-767X,"International Journal of Applied Economics, Finance and Accounting (discontinued)",-,
1755-8913,International Journal of Applied Management Science,Q4,0.145
1755-8921,International Journal of Applied Management Science,Q4,0.145
1480-8986,International Journal of Arts Management,Q1,0.272
1947-9638,International Journal of Asian Business and Information Management,Q2,0.235
1947-9646,International Journal of Asian Business and Information Management,Q2,0.235
1099-1123,International Journal of Auditing,Q1,0.573
1090-6738,International Journal of Auditing,Q1,0.573
1470-9511,International Journal of Automotive Technology and Management,Q2,0.417
1741-5012,International Journal of Automotive Technology and Management,Q2,0.417
0265-2323,International Journal of Bank Marketing,Q1,1.439
1755-3830,"International Journal of Banking, Accounting and Finance",Q4,0.133
1755-3849,"International Journal of Banking, Accounting and Finance",Q4,0.133
1741-5020,International Journal of Biotechnology,Q4,0.106
0963-6048,International Journal of Biotechnology,Q4,0.106
1083-4346,International Journal of Business,Q4,0.189
2334-4555,International Journal of Business Analytics,Q4,0.189
2334-4547,International Journal of Business Analytics,Q4,0.189
2329-4884,International Journal of Business Communication,Q1,0.97
2329-4892,International Journal of Business Communication,Q1,0.97
1758-2164,International Journal of Business Continuity and Risk Management,Q4,0.185
1758-2172,International Journal of Business Continuity and Risk Management,Q4,0.185
1548-0631,International Journal of Business Data Communications and Networking,Q4,0.197
1548-064X,International Journal of Business Data Communications and Networking,Q4,0.197
1740-0589,International Journal of Business Environment,Q3,0.278
1740-0597,International Journal of Business Environment,Q3,0.278
1756-0055,International Journal of Business Excellence,Q3,0.267
1756-0047,International Journal of Business Excellence,Q3,0.267
1741-802X,International Journal of Business Governance and Ethics,Q4,0.191
1477-9048,International Journal of Business Governance and Ethics,Q4,0.191
1746-0972,International Journal of Business Information Systems,Q3,0.273
1746-0980,International Journal of Business Information Systems,Q3,0.273
1751-0252,International Journal of Business Innovation and Research,Q3,0.237
1751-0260,International Journal of Business Innovation and Research,Q3,0.237
1947-3605,International Journal of Business Intelligence Research,Q2,0.352
1947-3591,International Journal of Business Intelligence Research,Q2,0.352
1743-8195,International Journal of Business Intelligence and Data Mining,Q4,0.15
1743-8187,International Journal of Business Intelligence and Data Mining,Q4,0.15
1368-4892,International Journal of Business Performance Management,Q4,0.219
1741-5039,International Journal of Business Performance Management,Q4,0.219
1758-9401,International Journal of Business Performance and Supply Chain Modelling,Q4,0.161
1758-941X,International Journal of Business Performance and Supply Chain Modelling,Q4,0.161
1741-8771,International Journal of Business Process Integration and Management,Q4,0.122
1741-8763,International Journal of Business Process Integration and Management,Q4,0.122
1753-0296,International Journal of Business Science and Applied Management,Q3,0.399
1753-6227,International Journal of Business and Emerging Markets,Q4,0.203
1753-6219,International Journal of Business and Emerging Markets,Q4,0.203
1753-3627,International Journal of Business and Globalisation,Q4,0.189
1753-3635,International Journal of Business and Globalisation,Q4,0.189
1837-6614,International Journal of Business and Management Science,Q4,0.133
1985-692X,International Journal of Business and Management Science,Q4,0.133
1511-6670,International Journal of Business and Society,Q3,0.236
1751-2018,International Journal of Business and Systems Research,Q4,0.173
1751-200X,International Journal of Business and Systems Research,Q4,0.173
1363-7681,International Journal of COMADEM,Q4,0.12
0955-6222,International Journal of Clothing Science and Technology,Q3,0.335
1758-5953,International Journal of Clothing Science and Technology,Q3,0.335
1875-838X,International Journal of Comparative Labour Law and Industrial Relations,Q2,0.277
0952-617X,International Journal of Comparative Labour Law and Industrial Relations,Q2,0.277
2150-7988,International Journal of Computer Information Systems and Industrial Management Applications,Q4,0.197
2210-142X,International Journal of Computing and Digital Systems,Q3,0.231
1044-4068,International Journal of Conflict Management,Q1,0.876
1562-3599,International Journal of Construction Management,Q1,1.015
2331-2327,International Journal of Construction Management,Q1,1.015
1179-0776,International Journal of Construction Supply Chain Management,Q3,0.308
1470-6423,International Journal of Consumer Studies,Q1,2.22
1470-6431,International Journal of Consumer Studies,Q1,2.22
0959-6119,International Journal of Contemporary Hospitality Management,Q1,3.141
1470-5958,International Journal of Cross Cultural Management,Q1,0.743
1741-2838,International Journal of Cross Cultural Management,Q1,0.743
2398-7294,International Journal of Crowd Science,Q2,0.407
1947-9247,International Journal of Customer Relationship Marketing and Management,Q3,0.21
1947-9255,International Journal of Customer Relationship Marketing and Management,Q3,0.21
1759-1163,"International Journal of Data Mining, Modelling and Management",Q4,0.161
1759-1171,"International Journal of Data Mining, Modelling and Management",Q4,0.161
1994-036X,International Journal of Design,Q1,0.515
1991-3761,International Journal of Design,Q1,0.515
1577-8517,International Journal of Digital Accounting Research,Q2,0.376
2049-0895,International Journal of Diplomacy and Economy,Q3,0.228
2049-0887,International Journal of Diplomacy and Economy,Q3,0.228
1741-3591,International Journal of Disclosure and Governance,Q2,0.59
1746-6539,International Journal of Disclosure and Governance,Q2,0.59
1947-8585,International Journal of E-Entrepreneurship and Innovation,Q3,0.195
1947-8593,International Journal of E-Entrepreneurship and Innovation,Q3,0.195
1941-627X,International Journal of E-Services and Mobile Applications,Q3,0.272
1941-6288,International Journal of E-Services and Mobile Applications,Q3,0.272
1756-9869,International Journal of Economics and Business Research,Q3,0.204
1756-9850,International Journal of Economics and Business Research,Q3,0.204
1823-836X,International Journal of Economics and Management,Q3,0.23
0951-354X,International Journal of Educational Management,Q2,0.68
2329-1656,International Journal of Educational Organization and Leadership,Q4,0.162
2329-1591,International Journal of Educational Organization and Leadership,Q4,0.162
1470-6067,International Journal of Electronic Business,Q3,0.311
1741-5063,International Journal of Electronic Business,Q3,0.311
1086-4415,International Journal of Electronic Commerce,Q1,1.025
1557-9301,International Journal of Electronic Commerce,Q1,1.025
1750-0664,International Journal of Electronic Customer Relationship Management,Q4,0.172
1750-0672,International Journal of Electronic Customer Relationship Management,Q4,0.172
1746-0077,International Journal of Electronic Finance,Q3,0.216
1746-0069,International Journal of Electronic Finance,Q3,0.216
1741-1025,International Journal of Electronic Marketing and Retailing,Q4,0.191
1741-1033,International Journal of Electronic Marketing and Retailing,Q4,0.191
1741-5071,International Journal of Emergency Management,Q3,0.196
1471-4825,International Journal of Emergency Management,Q3,0.196
1746-8809,International Journal of Emerging Markets,Q2,0.739
1746-8817,International Journal of Emerging Markets,Q2,0.739
1750-6220,International Journal of Energy Sector Management,Q2,0.57
1847-9790,International Journal of Engineering Business Management,Q2,0.913
1548-1115,International Journal of Enterprise Information Systems,Q3,0.276
1548-1123,International Journal of Enterprise Information Systems,Q3,0.276
1748-1252,International Journal of Enterprise Network Management,Q4,0.187
1748-1260,International Journal of Enterprise Network Management,Q4,0.187
1355-2554,International Journal of Entrepreneurial Behaviour and Research,Q1,1.354
1742-5379,International Journal of Entrepreneurial Venturing,Q3,0.272
1742-5360,International Journal of Entrepreneurial Venturing,Q3,0.272
2043-6882,International Journal of Entrepreneurship and Innovation,Q2,0.618
1465-7503,International Journal of Entrepreneurship and Innovation,Q2,0.618
1741-5098,International Journal of Entrepreneurship and Innovation Management,Q3,0.237
1368-275X,International Journal of Entrepreneurship and Innovation Management,Q3,0.237
1476-1297,International Journal of Entrepreneurship and Small Business,Q3,0.271
1741-8054,International Journal of Entrepreneurship and Small Business,Q3,0.271
1743-4963,International Journal of Environment and Health,Q3,0.3
1743-4955,International Journal of Environment and Health,Q3,0.3
1741-8437,"International Journal of Environment, Workplace and Employment",Q4,0.137
1741-8445,"International Journal of Environment, Workplace and Employment",Q4,0.137
1758-2954,International Journal of Event and Festival Management,Q2,0.58
1758-2962,International Journal of Event and Festival Management,Q2,0.58
1741-8305,International Journal of Evidence Based Coaching and Mentoring,Q3,0.329
1099-1158,International Journal of Finance and Economics,Q2,0.791
1076-9307,International Journal of Finance and Economics,Q2,0.791
0169-2070,International Journal of Forecasting,Q1,2.428
1740-2816,International Journal of Foresight and Innovation Policy,Q4,0.131
1740-2824,International Journal of Foresight and Innovation Policy,Q4,0.131
1756-6274,International Journal of Gender and Entrepreneurship,Q1,1.009
1756-6266,International Journal of Gender and Entrepreneurship,Q1,1.009
1479-3059,International Journal of Globalisation and Small Business,Q3,0.231
1479-3067,International Journal of Globalisation and Small Business,Q3,0.231
1741-847X,International Journal of Grid and Utility Computing,Q4,0.214
1741-8488,International Journal of Grid and Utility Computing,Q4,0.214
0952-6862,International Journal of Health Care Quality Assurance,Q3,0.355
1476-072X,International Journal of Health Geographics,Q1,0.953
2059-464X,International Journal of Health Governance,Q2,0.476
2059-4631,International Journal of Health Governance,Q2,0.476
1470-3610,International Journal of Heritage Studies,Q1,0.802
1352-7258,International Journal of Heritage Studies,Q1,0.802
0278-4319,International Journal of Hospitality Management,Q1,2.731
1525-6480,International Journal of Hospitality and Tourism Administration,Q2,0.816
1525-6499,International Journal of Hospitality and Tourism Administration,Q2,0.816
0974-6250,International Journal of Hospitality and Tourism Systems,Q4,0.205
1947-3486,International Journal of Human Capital and Information Technology Professionals,Q3,0.24
1947-3478,International Journal of Human Capital and Information Technology Professionals,Q3,0.24
0958-5192,International Journal of Human Resource Management,Q1,2.231
1466-4399,International Journal of Human Resource Management,Q1,2.231
1465-6612,International Journal of Human Resources Development and Management,Q4,0.199
1741-5160,International Journal of Human Resources Development and Management,Q4,0.199
2217-2661,International Journal of Industrial Engineering and Management,Q2,0.595
2683-345X,International Journal of Industrial Engineering and Management,Q2,0.595
2008-4889,International Journal of Industrial Engineering and Production Research,Q3,0.189
2345-363X,International Journal of Industrial Engineering and Production Research,Q3,0.189
0167-7187,International Journal of Industrial Organization,Q1,0.95
0268-4012,International Journal of Information Management,Q1,6.26
2667-0968,International Journal of Information Management Data Insights,Q1,2.302
2008-8310,International Journal of Information Science and Management,Q3,0.189
2008-8302,International Journal of Information Science and Management,Q3,0.189
1947-8186,International Journal of Information System Modeling and Design,Q4,0.214
1947-8194,International Journal of Information System Modeling and Design,Q4,0.214
1479-313X,International Journal of Information Systems and Change Management,Q4,0.187
1479-3121,International Journal of Information Systems and Change Management,Q4,0.187
2182-7788,International Journal of Information Systems and Project Management,Q2,0.711
2182-7796,International Journal of Information Systems and Project Management,Q2,0.711
1935-5726,International Journal of Information Systems and Supply Chain Management,Q3,0.249
1935-5734,International Journal of Information Systems and Supply Chain Management,Q3,0.249
1935-5688,International Journal of Information Systems in the Service Sector,Q3,0.235
1935-5696,International Journal of Information Systems in the Service Sector,Q3,0.235
1938-0232,International Journal of Information Technology Project Management,Q3,0.18
1938-0240,International Journal of Information Technology Project Management,Q3,0.18
1756-7017,International Journal of Information and Decision Sciences,Q4,0.162
1756-7025,International Journal of Information and Decision Sciences,Q4,0.162
1017-1819,International Journal of Information and Management Sciences,Q4,0.131
2318-9975,International Journal of Innovation,Q4,0.122
1757-5877,International Journal of Innovation Management,Q2,0.432
1363-9196,International Journal of Innovation Management,Q2,0.432
1757-2223,International Journal of Innovation Science,Q1,0.691
1757-2231,International Journal of Innovation Science,Q1,0.691
2096-2487,International Journal of Innovation Studies,Q1,1.007
2589-2975,International Journal of Innovation Studies,Q1,1.007
1471-8197,International Journal of Innovation and Learning,Q3,0.227
1741-8089,International Journal of Innovation and Learning,Q3,0.227
1740-8822,International Journal of Innovation and Sustainable Development,Q4,0.189
1740-8830,International Journal of Innovation and Sustainable Development,Q4,0.189
1793-6950,International Journal of Innovation and Technology Management,Q3,0.391
0219-8770,International Journal of Innovation and Technology Management,Q3,0.391
2399-830X,International Journal of Instructional Cases,Q3,0.257
1477-5360,International Journal of Integrated Supply Management,Q3,0.374
1741-8097,International Journal of Integrated Supply Management,Q3,0.374
1478-9647,International Journal of Intellectual Property Management,Q2,0.286
1478-9655,International Journal of Intellectual Property Management,Q2,0.286
1745-3232,International Journal of Intelligent Enterprise,Q4,0.166
1745-3240,International Journal of Intelligent Enterprise,Q4,0.166
0147-1767,International Journal of Intercultural Relations,Q1,1.047
2324-7649,International Journal of Interdisciplinary Organizational Studies,Q4,0.146
2324-7657,International Journal of Interdisciplinary Organizational Studies,Q4,0.146
1477-5212,International Journal of Internet Marketing and Advertising,Q3,0.454
1741-8100,International Journal of Internet Marketing and Advertising,Q3,0.454
1753-8394,International Journal of Islamic and Middle Eastern Finance and Management,Q2,0.525
1753-8408,International Journal of Islamic and Middle Eastern Finance and Management,Q2,0.525
1548-0666,International Journal of Knowledge Management,Q2,0.404
1548-0658,International Journal of Knowledge Management,Q2,0.404
1743-8276,International Journal of Knowledge Management Studies,Q3,0.24
1743-8268,International Journal of Knowledge Management Studies,Q3,0.24
1947-8216,International Journal of Knowledge and Systems Science,Q4,0.184
1947-8208,International Journal of Knowledge and Systems Science,Q4,0.184
2040-4476,International Journal of Knowledge-Based Development,Q4,0.146
2040-4468,International Journal of Knowledge-Based Development,Q4,0.146
1754-243X,International Journal of Law and Management,Q2,0.382
1754-2448,International Journal of Law and Management,Q2,0.382
1360-3124,International Journal of Leadership in Education,Q1,0.809
1464-5092,International Journal of Leadership in Education,Q1,0.809
2040-4166,International Journal of Lean Six Sigma,Q1,0.755
2040-4174,International Journal of Lean Six Sigma,Q1,0.755
1740-2875,International Journal of Learning and Change,Q4,0.205
1740-2883,International Journal of Learning and Change,Q4,0.205
1479-4861,International Journal of Learning and Intellectual Capital,Q3,0.258
1479-4853,International Journal of Learning and Intellectual Capital,Q3,0.258
1758-6550,International Journal of Logistics Management,Q1,1.792
0957-4093,International Journal of Logistics Management,Q1,1.792
1367-5567,International Journal of Logistics Research and Applications,Q1,1.452
1469-848X,International Journal of Logistics Research and Applications,Q1,1.452
1742-7975,International Journal of Logistics Systems and Management,Q3,0.241
1742-7967,International Journal of Logistics Systems and Management,Q3,0.241
1472-8117,International Journal of Management Education,Q1,1.741
1741-8143,International Journal of Management Practice,Q4,0.225
1477-9064,International Journal of Management Practice,Q4,0.225
1460-8545,International Journal of Management Reviews,Q1,4.054
1468-2370,International Journal of Management Reviews,Q1,4.054
1750-9653,International Journal of Management Science and Engineering Management,Q1,0.776
1750-9661,International Journal of Management Science and Engineering Management,Q1,0.776
1741-8127,International Journal of Management and Enterprise Development,Q4,0.172
1468-4330,International Journal of Management and Enterprise Development,Q4,0.172
2306-9856,International Journal of Management and Sustainability,Q4,0.185
2306-0662,International Journal of Management and Sustainability,Q4,0.185
1750-3868,International Journal of Management in Education,Q3,0.22
1750-385X,International Journal of Management in Education,Q3,0.22
1743-9132,International Journal of Managerial Finance,Q2,0.526
1753-6715,International Journal of Managerial and Financial Accounting,Q3,0.396
1753-6723,International Journal of Managerial and Financial Accounting,Q3,0.396
1753-8378,International Journal of Managing Projects in Business,Q2,0.68
1753-8386,International Journal of Managing Projects in Business,Q2,0.68
0143-7720,International Journal of Manpower,Q1,1.411
1368-2148,International Journal of Manufacturing Technology and Management,Q4,0.137
1741-5195,International Journal of Manufacturing Technology and Management,Q4,0.137
2515-2173,International Journal of Market Research,Q2,0.88
1470-7853,International Journal of Market Research,Q2,0.88
2195-2280,International Journal of Marketing Semiotics and Discourse Studies,Q4,0.115
2455-7749,"International Journal of Mathematical, Engineering and Management Sciences",Q2,0.351
1748-0949,"International Journal of Mining, Reclamation and Environment",Q2,0.573
1748-0930,"International Journal of Mining, Reclamation and Environment",Q2,0.573
1744-2869,International Journal of Mobile Network Design and Innovation,Q4,0.113
1744-2850,International Journal of Mobile Network Design and Innovation,Q4,0.113
2040-1078,International Journal of Multicriteria Decision Making,Q4,0.166
2040-106X,International Journal of Multicriteria Decision Making,Q4,0.166
1470-9503,International Journal of Networking and Virtual Organisations,Q4,0.184
1741-5225,International Journal of Networking and Virtual Organisations,Q4,0.184
1947-9328,International Journal of Operations Research and Information Systems,Q4,0.19
1947-9336,International Journal of Operations Research and Information Systems,Q4,0.19
1758-6593,International Journal of Operations and Production Management,Q1,2.876
0144-3577,International Journal of Operations and Production Management,Q1,2.876
1082-1910,International Journal of Operations and Quantitative Management,Q3,0.267
1093-4537,International Journal of Organization Theory and Behavior,Q2,0.442
1934-8835,International Journal of Organizational Analysis,Q2,0.869
2328-6261,International Journal of Organizational Diversity,Q3,0.119
2328-6229,International Journal of Organizational Diversity,Q3,0.119
1750-6123,International Journal of Pharmaceutical and Healthcare Marketing,Q3,0.32
0960-0035,International Journal of Physical Distribution and Logistics Management,Q1,1.821
2198-0810,International Journal of Precision Engineering and Manufacturing - Green Technology,Q1,1.072
2288-6206,International Journal of Precision Engineering and Manufacturing - Green Technology,Q1,1.072
1460-6739,International Journal of Process Management and Benchmarking,Q4,0.206
1741-816X,International Journal of Process Management and Benchmarking,Q4,0.206
1753-8432,International Journal of Procurement Management,Q3,0.222
1753-8440,International Journal of Procurement Management,Q3,0.222
1477-9056,International Journal of Product Development,Q4,0.125
1741-8178,International Journal of Product Development,Q4,0.125
1743-5110,International Journal of Product Lifecycle Management,Q3,0.219
1743-5129,International Journal of Product Lifecycle Management,Q3,0.219
0925-5273,International Journal of Production Economics,Q1,2.833
2340-4876,International Journal of Production Management and Engineering,Q2,0.411
2340-5317,International Journal of Production Management and Engineering,Q2,0.411
0020-7543,International Journal of Production Research,Q1,2.242
1366-588X,International Journal of Production Research,Q1,2.242
1741-0401,International Journal of Productivity and Performance Management,Q1,0.954
1746-6474,International Journal of Productivity and Quality Management,Q3,0.223
1746-6482,International Journal of Productivity and Quality Management,Q3,0.223
0263-7863,International Journal of Project Management,Q1,1.87
1740-2905,International Journal of Project Organisation and Management,Q4,0.161
1740-2891,International Journal of Project Organisation and Management,Q4,0.161
1532-4265,International Journal of Public Administration,Q2,0.725
0190-0692,International Journal of Public Administration,Q2,0.725
2312-6515,International Journal of Public Policy and Administration Research,Q4,0.146
2313-0423,International Journal of Public Policy and Administration Research,Q4,0.146
1741-1041,International Journal of Public Sector Performance Management,Q4,0.195
1741-105X,International Journal of Public Sector Performance Management,Q4,0.195
0265-671X,International Journal of Quality and Reliability Management,Q2,0.631
1756-669X,International Journal of Quality and Service Sciences,Q1,0.783
1756-6703,International Journal of Quality and Service Sciences,Q1,0.783
1754-5749,International Journal of RF Technologies: Research and Applications,Q4,0.136
1754-5730,International Journal of RF Technologies: Research and Applications,Q4,0.136
2009-7379,International Journal of Religious Tourism and Pilgrimage,Q1,0.291
0167-8116,International Journal of Research in Marketing,Q1,3.869
0959-0552,International Journal of Retail and Distribution Management,Q1,1.332
1474-7332,International Journal of Revenue Management,Q4,0.173
1741-8186,International Journal of Revenue Management,Q4,0.173
1466-8297,International Journal of Risk Assessment and Management,Q4,0.117
1741-5241,International Journal of Risk Assessment and Management,Q4,0.117
0973-0680,International Journal of Rural Management,Q3,0.275
0973-0052,International Journal of Rural Management,Q3,0.275
1468-2389,International Journal of Selection and Assessment,Q1,1.34
0965-075X,International Journal of Selection and Assessment,Q1,1.34
1947-9603,"International Journal of Service Science, Management, Engineering, and Technology",Q2,0.31
1947-959X,"International Journal of Service Science, Management, Engineering, and Technology",Q2,0.31
1741-539X,International Journal of Services Operations and Informatics,Q4,0.171
1741-5403,International Journal of Services Operations and Informatics,Q4,0.171
1744-2370,International Journal of Services and Operations Management,Q3,0.227
1744-2389,International Journal of Services and Operations Management,Q3,0.227
1740-8857,International Journal of Services and Standards,Q4,0.119
1740-8849,International Journal of Services and Standards,Q4,0.119
1753-0822,"International Journal of Services, Economics and Management",Q4,0.214
1753-0830,"International Journal of Services, Economics and Management",Q4,0.214
1460-6720,"International Journal of Services, Technology and Management",Q4,0.153
1741-525X,"International Journal of Services, Technology and Management",Q4,0.153
1756-6517,International Journal of Shipping and Transport Logistics,Q3,0.356
1756-6525,International Journal of Shipping and Transport Logistics,Q3,0.356
1479-2753,International Journal of Six Sigma and Competitive Advantage,Q2,0.365
1479-2494,International Journal of Six Sigma and Competitive Advantage,Q2,0.365
2472-1743,International Journal of Spa and Wellness,Q3,0.379
1936-3907,International Journal of Sport Communication,Q2,0.5
1936-3915,International Journal of Sport Communication,Q2,0.5
1558-6235,International Journal of Sport Finance,Q3,0.391
1930-076X,International Journal of Sport Finance,Q3,0.391
1475-8962,International Journal of Sport Management and Marketing,Q4,0.217
1740-2808,International Journal of Sport Management and Marketing,Q4,0.217
1940-6940,International Journal of Sport Policy and Politics,Q1,0.941
1940-6959,International Journal of Sport Policy and Politics,Q1,0.941
1464-6668,International Journal of Sports Marketing and Sponsorship,Q2,0.757
2470-8550,International Journal of Standardization Research,Q4,0.11
2470-8542,International Journal of Standardization Research,Q4,0.11
1740-2859,International Journal of Strategic Change Management,Q4,0.126
1740-2867,International Journal of Strategic Change Management,Q4,0.126
1648-715X,International Journal of Strategic Property Management,Q3,0.341
1648-9179,International Journal of Strategic Property Management,Q3,0.341
1072-5245,International Journal of Stress Management,Q1,0.963
1573-3424,International Journal of Stress Management,Q1,0.963
2383-1359,International Journal of Supply and Operations Management,Q3,0.322
2383-2525,International Journal of Supply and Operations Management,Q3,0.322
2054-5827,International Journal of Sustainable Agricultural Management and Informatics,Q3,0.241
2054-5819,International Journal of Sustainable Agricultural Management and Informatics,Q3,0.241
1756-5812,International Journal of Sustainable Economy,Q3,0.267
1756-5804,International Journal of Sustainable Economy,Q3,0.267
1742-7223,International Journal of Sustainable Manufacturing,Q3,0.194
1742-7231,International Journal of Sustainable Manufacturing,Q3,0.194
0976-4348,International Journal of System Assurance Engineering and Management,Q2,0.377
0975-6809,International Journal of System Assurance Engineering and Management,Q2,0.377
2077-8767,International Journal of Systematic Innovation,Q4,0.141
2077-7973,International Journal of Systematic Innovation,Q4,0.141
2330-2674,International Journal of Systems Science: Operations and Logistics,Q2,0.755
2330-2682,International Journal of Systems Science: Operations and Logistics,Q2,0.755
1746-5370,International Journal of Technoentrepreneurship,Q4,0.172
1746-5389,International Journal of Technoentrepreneurship,Q4,0.172
1753-1942,"International Journal of Technological Learning, Innovation and Development",Q3,0.227
1753-1950,"International Journal of Technological Learning, Innovation and Development",Q3,0.227
2086-9614,International Journal of Technology,Q2,0.354
2087-2100,International Journal of Technology,Q2,0.354
1740-2832,International Journal of Technology Intelligence and Planning,Q3,0.296
1740-2840,International Journal of Technology Intelligence and Planning,Q3,0.296
1741-5276,International Journal of Technology Management,Q2,0.388
0267-5730,International Journal of Technology Management,Q2,0.388
1474-2748,International Journal of Technology Management and Sustainable Development,Q4,0.136
2040-0551,International Journal of Technology Management and Sustainable Development,Q4,0.136
1741-8798,International Journal of Technology Marketing,Q3,0.247
1741-878X,International Journal of Technology Marketing,Q3,0.247
1741-5292,"International Journal of Technology, Policy and Management",Q3,0.23
1468-4322,"International Journal of Technology, Policy and Management",Q3,0.23
1759-0450,International Journal of Tourism Anthropology,Q2,0.354
1759-0442,International Journal of Tourism Anthropology,Q2,0.354
2056-5615,International Journal of Tourism Cities,Q1,0.681
2056-5607,International Journal of Tourism Cities,Q1,0.681
1750-4090,International Journal of Tourism Policy,Q4,0.224
1750-4104,International Journal of Tourism Policy,Q4,0.224
1099-2340,International Journal of Tourism Research,Q1,1.355
1522-1970,International Journal of Tourism Research,Q1,1.355
1742-755X,International Journal of Trade and Global Markets,Q3,0.183
1742-7541,International Journal of Trade and Global Markets,Q3,0.183
1468-2419,International Journal of Training and Development,Q2,0.518
1360-3736,International Journal of Training and Development,Q2,0.518
1741-5365,International Journal of Value Chain Management,Q4,0.201
1741-5357,International Journal of Value Chain Management,Q4,0.201
1751-1070,International Journal of Wine Business Research,Q2,0.633
1751-1062,International Journal of Wine Business Research,Q2,0.633
2043-9032,International Journal of Work Innovation,Q3,0.235
2043-9040,International Journal of Work Innovation,Q3,0.235
1740-8946,International Journal of Work Organisation and Emotion,Q4,0.204
1740-8938,International Journal of Work Organisation and Emotion,Q4,0.204
1753-8351,International Journal of Workplace Health Management,Q2,0.78
1753-836X,International Journal of Workplace Health Management,Q2,0.78
1548-114X,International Journal of e-Business Research,Q2,0.394
1548-1131,International Journal of e-Business Research,Q2,0.394
2146-0744,International Journal of eBusiness and eGovernment Studies,Q3,0.215
1466-1829,International Journal of the Economics of Business,Q2,0.468
1357-1516,International Journal of the Economics of Business,Q2,0.468
0969-5958,International Journal of the Legal Profession,Q2,0.25
1469-9257,International Journal of the Legal Profession,Q2,0.25
1869-6945,International Journal on Food System Dynamics,Q3,0.241
1471-6445,International Labor and Working-Class History,Q2,0.185
0147-5479,International Labor and Working-Class History,Q2,0.185
0020-7780,International Labour Review,Q2,0.728
1564-913X,International Labour Review,Q2,0.728
2974-3141,International Maritime Transport and Logistics Conference,-,0.125
2974-3133,International Maritime Transport and Logistics Conference,-,0.125
0265-1335,International Marketing Review,Q1,1.306
1531-5088,International Organization,Q1,4.977
0020-8183,International Organization,Q1,4.977
1559-3169,International Public Management Journal,Q1,1.174
1096-7494,International Public Management Journal,Q1,1.174
2154-8919,International Real Estate Review,Q4,0.146
1932-1465,International Review of Environmental and Resource Economics,Q3,0.445
1932-1473,International Review of Environmental and Resource Economics,Q3,0.445
2146-4405,International Review of Management and Marketing,-,
0959-3969,"International Review of Retail, Distribution and Consumer Research",Q2,0.735
1466-4402,"International Review of Retail, Distribution and Consumer Research",Q2,0.735
1865-1992,International Review on Public and Nonprofit Marketing,Q2,0.613
1865-1984,International Review on Public and Nonprofit Marketing,Q2,0.613
0266-2426,International Small Business Journal,Q1,1.956
0020-8825,International Studies of Management and Organization,Q3,0.368
1558-0911,International Studies of Management and Organization,Q3,0.368
1573-6970,International Tax and Public Finance,Q2,0.602
0927-5940,International Tax and Public Finance,Q2,0.602
0885-3908,International Trade Journal,Q3,0.268
1521-0545,International Trade Journal,Q3,0.268
0969-6016,International Transactions in Operational Research,Q1,0.993
1475-3995,International Transactions in Operational Research,Q1,0.993
2542-6605,Internet of Things (The Netherlands),Q1,1.527
1875-8347,Intertax,Q1,0.493
0165-2826,Intertax,Q1,0.493
2174-5609,Investigaciones Turisticas,Q3,0.265
2077-0227,Investment Analysts Journal,Q3,0.321
1029-3523,Investment Analysts Journal,Q3,0.321
1810-4967,Investment Management and Financial Innovations,Q3,0.227
1812-9358,Investment Management and Financial Innovations,Q3,0.227
0739-3172,Issues in Accounting Education,Q2,0.634
1558-7983,Issues in Accounting Education,Q2,0.634
1529-7314,Issues in Information Systems,Q4,0.158
2662-3323,Italian Journal of Marketing,Q2,0.71
2662-3331,Italian Journal of Marketing,Q2,0.71
0021-3497,"Izvestiya Vysshikh Uchebnykh Zavedenii, Seriya Teknologiya Tekstil'noi Promyshlennosti",Q3,0.224
1424-1250,JMM International Journal on Media Management,Q3,0.268
1424-1277,JMM International Journal on Media Management,Q3,0.268
2366-049X,Jahrbucher fur Nationalokonomie und Statistik,Q2,0.451
0021-4027,Jahrbucher fur Nationalokonomie und Statistik,Q2,0.451
1815-8633,Jordan Journal of Business Administration,Q3,0.224
2308-6149,Jordan Journal of Business Administration,Q3,0.224
1988-7116,"Journal Globalization, Competitiveness and Governability",Q4,0.161
2528-9705,Journal Of Organizational Behavior Research,Q4,0.104
1537-5137,Journal for Advancement of Marketing Education,Q4,0.16
2326-3296,Journal for Advancement of Marketing Education,Q4,0.16
1746-9678,Journal for Global Business Advancement,Q4,0.165
1746-966X,Journal for Global Business Advancement,Q4,0.165
1747-6763,Journal for International Business and Entrepreneurship Development,Q2,0.285
1549-9324,Journal for International Business and Entrepreneurship Development,Q2,0.285
2510-5027,Journal for Labour Market Research,Q2,0.545
2510-5019,Journal for Labour Market Research,Q2,0.545
0267-7806,"Journal for Weavers, Spinners and Dyers",Q4,0.1
0748-5751,Journal of Accounting Education,Q2,0.437
0737-4607,Journal of Accounting Literature,Q3,0.285
1475-679X,Journal of Accounting Research,Q1,8.396
0021-8456,Journal of Accounting Research,Q1,8.396
1018-1687,Journal of Accounting Review,Q4,0.125
0165-4101,Journal of Accounting and Economics,Q1,7.505
1832-5912,Journal of Accounting and Organizational Change,Q1,0.699
1873-2070,Journal of Accounting and Public Policy,Q1,1.081
0278-4254,Journal of Accounting and Public Policy,Q1,1.081
2042-1168,Journal of Accounting in Emerging Economies,Q1,0.7
2042-1176,Journal of Accounting in Emerging Economies,Q1,0.7
0148-558X,"Journal of Accounting, Auditing and Finance",Q1,0.631
1793-6896,Journal of Advanced Manufacturing Systems,Q3,0.232
0219-6867,Journal of Advanced Manufacturing Systems,Q3,0.232
1985-3157,Journal of Advanced Manufacturing Technology,Q3,0.175
2289-8107,Journal of Advanced Manufacturing Technology,Q3,0.175
0197-6729,Journal of Advanced Transportation,Q2,0.579
2042-3195,Journal of Advanced Transportation,Q2,0.579
0972-7981,Journal of Advances in Management Research,Q2,0.526
2049-3207,Journal of Advances in Management Research,Q2,0.526
1557-7805,Journal of Advertising,Q1,4.455
0091-3367,Journal of Advertising,Q1,4.455
1098-0482,Journal of Advertising Education,Q3,0.235
2516-1873,Journal of Advertising Education,Q3,0.235
0021-8499,Journal of Advertising Research,Q1,0.825
1740-1909,Journal of Advertising Research,Q1,0.825
1542-0485,Journal of Agricultural and Food Industrial Organization,Q3,0.359
2194-5896,Journal of Agricultural and Food Industrial Organization,Q3,0.359
0969-6997,Journal of Air Transport Management,Q1,1.019
2380-9450,Journal of Air Transportation,Q2,0.419
1750-1946,Journal of Airport Management,Q4,0.132
1750-1938,Journal of Airport Management,Q4,0.132
0967-5426,Journal of Applied Accounting Research,Q1,0.925
0892-7626,Journal of Applied Business Research,Q4,0.131
2476-1362,Journal of Applied Communications,Q2,0.279
2590-4221,Journal of Applied Structural Equation Modeling,Q1,0.784
1063-2921,Journal of Arts Management Law and Society,Q1,0.365
1930-7799,Journal of Arts Management Law and Society,Q1,0.365
1559-2243,Journal of Asia Business Studies,Q1,0.701
1558-7894,Journal of Asia Business Studies,Q1,0.701
1528-6940,Journal of Asia-Pacific Business,Q3,0.377
1059-9231,Journal of Asia-Pacific Business,Q3,0.377
2515-964X,Journal of Asian Business and Economic Studies,Q1,0.664
1569-9838,Journal of Asian Pacific Communication,Q3,0.174
0957-6851,Journal of Asian Pacific Communication,Q3,0.174
1470-8272,Journal of Asset Management,Q2,0.478
1479-179X,Journal of Asset Management,Q2,0.478
1440-0405,Journal of Australian Taxation,Q4,0.104
2208-6773,Journal of Australian Taxation,Q4,0.104
0894-3257,Journal of Behavioral Decision Making,Q1,1.064
1099-0771,Journal of Behavioral Decision Making,Q1,1.064
2771-6511,Journal of Beta Investment Strategies,Q3,0.328
1479-1803,Journal of Brand Management,Q1,1.514
1350-231X,Journal of Brand Management,Q1,1.514
2045-855X,Journal of Brand Strategy,Q2,0.288
2045-8568,Journal of Brand Strategy,Q2,0.288
2573-234X,Journal of Business Analytics,Q2,0.382
2573-2358,Journal of Business Analytics,Q2,0.382
1749-9216,Journal of Business Continuity and Emergency Planning,Q4,0.165
1749-9224,Journal of Business Continuity and Emergency Planning,Q4,0.165
2509-7970,Journal of Business Cycle Research,Q2,0.455
2509-7962,Journal of Business Cycle Research,Q2,0.455
0044-2372,Journal of Business Economics,Q2,0.667
2029-4433,Journal of Business Economics and Management,Q2,0.592
1611-1699,Journal of Business Economics and Management,Q2,0.592
1573-0697,Journal of Business Ethics,Q1,3.039
0167-4544,Journal of Business Ethics,Q1,3.039
1649-5195,Journal of Business Ethics Education,Q4,0.108
2044-4559,Journal of Business Ethics Education,Q4,0.108
0306-686X,Journal of Business Finance and Accounting,Q1,1.263
1468-5957,Journal of Business Finance and Accounting,Q1,1.263
2158-1592,Journal of Business Logistics,Q1,2.768
0735-3766,Journal of Business Logistics,Q1,2.768
0148-2963,Journal of Business Research,Q1,3.499
0275-6668,Journal of Business Strategy,Q1,0.907
1932-9156,Journal of Business Valuation and Economic Loss Analysis,Q4,0.193
0883-9026,Journal of Business Venturing,Q1,6.234
2352-6734,Journal of Business Venturing Insights,Q1,1.873
1547-0644,Journal of Business and Finance Librarianship,Q2,0.396
0896-3568,Journal of Business and Finance Librarianship,Q2,0.396
0885-8624,Journal of Business and Industrial Marketing,Q1,1.039
1573-353X,Journal of Business and Psychology,Q1,2.313
0889-3268,Journal of Business and Psychology,Q1,2.313
2635-1374,Journal of Business and Socio-economic Development,Q2,0.78
2635-1692,Journal of Business and Socio-economic Development,Q2,0.78
1552-4574,Journal of Business and Technical Communication,Q1,1.047
1050-6519,Journal of Business and Technical Communication,Q1,1.047
1547-0628,Journal of Business-to-Business Marketing,Q2,0.546
1051-712X,Journal of Business-to-Business Marketing,Q2,0.546
1069-0727,Journal of Career Assessment,Q1,1.452
1552-4590,Journal of Career Assessment,Q1,1.452
0894-8453,Journal of Career Development,Q1,1.162
1573-3548,Journal of Career Development,Q1,1.162
1548-7717,Journal of Cases on Information Technology,Q3,0.294
1548-7725,Journal of Cases on Information Technology,Q3,0.294
1479-1811,Journal of Change Management,Q2,0.933
1469-7017,Journal of Change Management,Q2,0.933
1938-8160,Journal of China Tourism Research,Q1,0.558
1938-8179,Journal of China Tourism Research,Q1,0.558
1754-4416,Journal of Chinese Economic and Foreign Trade Studies,Q2,0.363
1754-4408,Journal of Chinese Economic and Foreign Trade Studies,Q2,0.363
2040-8013,Journal of Chinese Human Resources Management,Q3,0.417
2040-8005,Journal of Chinese Human Resources Management,Q3,0.417
2643-9107,Journal of Civil Engineering Education,Q2,0.646
2643-9115,Journal of Civil Engineering Education,Q2,0.646
1822-3605,Journal of Civil Engineering and Management,Q1,0.707
1392-3730,Journal of Civil Engineering and Management,Q1,0.707
0959-6526,Journal of Cleaner Production,Q1,2.174
1879-1786,Journal of Cleaner Production,Q1,2.174
2213-297X,Journal of Co-operative Organization and Management,Q2,0.749
1478-565X,Journal of Commercial Biotechnology,Q4,0.178
1462-8732,Journal of Commercial Biotechnology,Q4,0.178
1468-5965,Journal of Common Market Studies,Q1,1.635
0021-9886,Journal of Common Market Studies,Q1,1.635
1363-254X,Journal of Communication Management,Q1,0.676
1804-1728,Journal of Competitiveness,Q1,0.657
1804-171X,Journal of Competitiveness,Q1,0.657
0022-0027,Journal of Conflict Resolution,Q1,2.138
1943-7862,Journal of Construction Engineering and Management,Q1,1.113
0733-9364,Journal of Construction Engineering and Management,Q1,1.113
1823-6499,Journal of Construction in Developing Countries,Q1,0.335
2180-4222,Journal of Construction in Developing Countries,Q1,0.335
1469-5405,Journal of Consumer Culture,Q1,1.54
1741-2900,Journal of Consumer Culture,Q1,1.54
0736-3761,Journal of Consumer Marketing,Q1,0.967
0168-7034,Journal of Consumer Policy,Q2,0.598
1573-0700,Journal of Consumer Policy,Q2,0.598
1532-7663,Journal of Consumer Psychology,Q1,4.547
1057-7408,Journal of Consumer Psychology,Q1,4.547
0093-5301,Journal of Consumer Research,Q1,8.562
1537-5277,Journal of Consumer Research,Q1,8.562
0899-8620,"Journal of Consumer Satisfaction, Dissatisfaction and Complaining Behavior",Q4,0.213
1815-5669,Journal of Contemporary Accounting and Economics,Q2,0.729
2212-1447,Journal of Contextual Behavioral Science,Q1,1.319
1468-5973,Journal of Contingencies and Crisis Management,Q2,0.658
0966-0879,Journal of Contingencies and Crisis Management,Q2,0.658
1547-0148,Journal of Convention and Event Tourism,Q2,0.528
1547-0156,Journal of Convention and Event Tourism,Q2,0.528
1097-0053,Journal of Corporate Accounting and Finance,Q2,0.335
1044-8136,Journal of Corporate Accounting and Finance,Q2,0.335
0929-1199,Journal of Corporate Finance,Q1,3.246
1463-001X,Journal of Corporate Real Estate,Q2,0.686
1479-1048,Journal of Corporate Real Estate,Q2,0.686
2394-9643,Journal of Creating Value,Q2,0.405
2454-213X,Journal of Creating Value,Q2,0.405
2044-1274,Journal of Cultural Heritage Management and Sustainable Development,Q1,0.398
2044-1266,Journal of Cultural Heritage Management and Sustainable Development,Q1,0.398
2056-8002,Journal of Cultural Marketing Strategy,Q4,0.142
2056-8010,Journal of Cultural Marketing Strategy,Q4,0.142
1064-1734,Journal of Current Issues and Research in Advertising,Q1,1.669
2164-7313,Journal of Current Issues and Research in Advertising,Q1,1.669
2398-1687,Journal of Data Protection and Privacy,Q3,0.175
2398-1679,Journal of Data Protection and Privacy,Q3,0.175
2524-6356,"Journal of Data, Information and Management",Q2,0.419
2524-6364,"Journal of Data, Information and Management",Q2,0.419
2116-7052,Journal of Decision Systems,Q1,0.761
1246-0125,Journal of Decision Systems,Q1,0.761
2055-2106,"Journal of Design, Business and Society",Q1,0.167
2055-2114,"Journal of Design, Business and Society",Q1,0.167
2212-571X,Journal of Destination Marketing and Management,Q1,2.26
1793-706X,Journal of Developmental Entrepreneurship,Q3,0.29
1084-9467,Journal of Developmental Entrepreneurship,Q3,0.29
2773-0670,Journal of Digital Economy,Q1,0.854
2050-0084,Journal of Digital and Social Media Marketing,Q4,0.152
2050-0076,Journal of Digital and Social Media Marketing,Q4,0.152
1738-3110,Journal of Distribution Science,Q4,0.183
2093-7717,Journal of Distribution Science,Q4,0.183
0949-6181,Journal of East European Management Studies,Q4,0.187
1862-0019,Journal of East European Management Studies,Q4,0.187
1066-9868,Journal of East-West Business,Q3,0.246
1528-6959,Journal of East-West Business,Q3,0.246
2328-8280,Journal of Eastern European and Central Asian Research (discontinued),-,
2328-8272,Journal of Eastern European and Central Asian Research (discontinued),-,
0167-2681,Journal of Economic Behavior and Organization,Q1,1.437
1308-7800,Journal of Economic Cooperation and Development,Q4,0.14
1569-1721,Journal of Economic Inequality,Q1,1.294
1573-8701,Journal of Economic Inequality,Q1,1.294
1860-711X,Journal of Economic Interaction and Coordination,Q3,0.295
1860-7128,Journal of Economic Interaction and Coordination,Q3,0.295
0021-3624,Journal of Economic Issues,Q3,0.371
1748-7889,Journal of Economic Policy Reform,Q1,0.793
1748-7870,Journal of Economic Policy Reform,Q1,0.793
2054-6238,Journal of Economic and Administrative Sciences,Q2,0.53
2054-6246,Journal of Economic and Administrative Sciences,Q2,0.53
0148-6195,Journal of Economics and Business,Q1,0.81
2632-5330,Journal of Economics and Development,Q1,0.998
1859-0020,Journal of Economics and Development,Q1,0.998
1732-1948,Journal of Economics and Management (Poland),Q4,0.159
2719-9975,Journal of Economics and Management (Poland),Q4,0.159
1530-9134,Journal of Economics and Management Strategy,Q1,1.081
1058-6407,Journal of Economics and Management Strategy,Q1,1.081
1617-7134,Journal of Economics/ Zeitschrift fur Nationalokonomie,Q2,0.528
0931-8658,Journal of Economics/ Zeitschrift fur Nationalokonomie,Q2,0.528
1472-4049,Journal of Ecotourism,Q1,0.682
1747-7638,Journal of Ecotourism,Q1,0.682
1363-9080,Journal of Education and Work,Q2,0.642
1469-9435,Journal of Education and Work,Q2,0.642
0883-2323,Journal of Education for Business,Q2,0.436
1940-3356,Journal of Education for Business,Q2,0.436
1539-2937,Journal of Electronic Commerce in Organizations,Q3,0.279
1554-1908,Journal of Emerging Technologies in Accounting,Q2,0.642
1558-7940,Journal of Emerging Technologies in Accounting,Q2,0.642
1326-4443,Journal of Empirical Generalisations in Marketing Science,Q4,0.107
2161-1920,Journal of Employment Counseling,Q2,0.522
0022-0787,Journal of Employment Counseling,Q2,0.522
2398-6263,Journal of Enabling Technologies,Q3,0.371
1756-3615,Journal of Energy Markets,Q3,0.229
1756-3607,Journal of Energy Markets,Q3,0.229
1879-1719,Journal of Engineering and Technology Management - JET-M,Q1,0.856
0923-4748,Journal of Engineering and Technology Management - JET-M,Q1,0.856
2223-8379,"Journal of Engineering, Project, and Production Management",Q3,0.284
2221-6529,"Journal of Engineering, Project, and Production Management",Q3,0.284
1741-0398,Journal of Enterprise Information Management,Q1,1.675
1750-6204,Journal of Enterprising Communities,Q2,0.613
2281-8642,Journal of Entrepreneurial and Organizational Diversity,Q4,0.157
0973-0745,Journal of Entrepreneurship,Q2,0.609
0971-3557,Journal of Entrepreneurship,Q2,0.609
2393-9575,Journal of Entrepreneurship and Innovation in Emerging Economies,Q2,0.323
2394-9945,Journal of Entrepreneurship and Innovation in Emerging Economies,Q2,0.323
2045-2101,Journal of Entrepreneurship and Public Policy,Q1,0.592
2045-211X,Journal of Entrepreneurship and Public Policy,Q1,0.592
2053-4604,Journal of Entrepreneurship in Emerging Economies,Q1,0.866
2053-4612,Journal of Entrepreneurship in Emerging Economies,Q1,0.866
2299-7075,"Journal of Entrepreneurship, Management and Innovation",Q2,0.446
2299-7326,"Journal of Entrepreneurship, Management and Innovation",Q2,0.446
2325-6206,Journal of Environmental Accounting and Management,Q3,0.205
2325-6192,Journal of Environmental Accounting and Management,Q3,0.205
1753-9277,Journal of European Real Estate Research,Q3,0.263
1753-9269,Journal of European Real Estate Research,Q3,0.263
0936-9937,Journal of Evolutionary Economics,Q2,0.654
1432-1386,Journal of Evolutionary Economics,Q2,0.654
2385-7137,Journal of Evolutionary Studies in Business,Q4,0.167
1741-0983,Journal of Facilities Management,Q2,0.616
1472-5967,Journal of Facilities Management,Q2,0.616
2043-6238,Journal of Family Business Management,Q1,0.983
2043-6246,Journal of Family Business Management,Q1,0.983
1877-8585,Journal of Family Business Strategy,Q1,3.053
1361-2026,Journal of Fashion Marketing and Management,Q1,1.054
0022-1082,Journal of Finance,Q1,22.836
1540-6261,Journal of Finance,Q1,22.836
2405-9188,Journal of Finance and Data Science,Q1,0.883
2640-3951,Journal of Financial Data Science,Q2,0.459
2640-3943,Journal of Financial Data Science,Q2,0.459
0304-405X,Journal of Financial Economics,Q1,17.669
1759-8443,Journal of Financial Management of Property and Construction,Q3,0.409
1366-4387,Journal of Financial Management of Property and Construction,Q3,0.409
1358-1988,Journal of Financial Regulation and Compliance,Q3,0.403
1740-0279,Journal of Financial Regulation and Compliance,Q3,0.403
2042-5856,Journal of Financial Reporting and Accounting,Q1,0.683
1985-2517,Journal of Financial Reporting and Accounting,Q1,0.683
0270-2592,Journal of Financial Research,Q2,0.686
1475-6803,Journal of Financial Research,Q2,0.686
1479-1846,Journal of Financial Services Marketing,Q2,0.63
1363-0539,Journal of Financial Services Marketing,Q2,0.63
1573-0735,Journal of Financial Services Research,Q2,0.702
0920-8550,Journal of Financial Services Research,Q2,0.702
0022-1090,Journal of Financial and Quantitative Analysis,Q1,4.465
1756-6916,Journal of Financial and Quantitative Analysis,Q1,4.465
2643-3354,Journal of Food Distribution Research,Q4,0.19
1540-4102,Journal of Food Products Marketing,Q2,0.644
1045-4446,Journal of Food Products Marketing,Q2,0.644
0277-6693,Journal of Forecasting,Q1,0.701
1099-131X,Journal of Forecasting,Q1,0.701
1096-9934,Journal of Futures Markets,Q2,0.632
0270-7314,Journal of Futures Markets,Q2,0.632
1759-6106,Journal of General Management,Q3,0.39
0306-3070,Journal of General Management,Q3,0.39
2616-2733,Journal of Global Business and Technology,Q3,0.25
1553-5495,Journal of Global Business and Technology,Q3,0.25
2093-2685,Journal of Global Fashion Marketing,Q1,1.171
2325-4483,Journal of Global Fashion Marketing,Q1,1.171
1062-7375,Journal of Global Information Management,Q2,0.799
1533-7995,Journal of Global Information Management,Q2,0.799
0891-1762,Journal of Global Marketing,Q1,0.959
1528-6975,Journal of Global Marketing,Q1,0.959
2049-8802,Journal of Global Mobility,Q2,0.759
2049-8799,Journal of Global Mobility,Q2,0.759
2398-5372,Journal of Global Operations and Strategic Sourcing,Q1,0.921
2398-5364,Journal of Global Operations and Strategic Sourcing,Q1,0.921
0925-5001,Journal of Global Optimization,Q1,0.807
1573-2916,Journal of Global Optimization,Q1,0.807
2041-2568,Journal of Global Responsibility,Q2,0.732
2041-2576,Journal of Global Responsibility,Q2,0.732
2163-9159,Journal of Global Scholars of Marketing Science: Bridging Asia and the World,Q1,0.54
2163-9167,Journal of Global Scholars of Marketing Science: Bridging Asia and the World,Q1,0.54
2470-4067,Journal of Global Sport Management,Q2,0.682
2470-4075,Journal of Global Sport Management,Q2,0.682
2306-6784,Journal of Governance and Regulation,Q4,0.195
2220-9352,Journal of Governance and Regulation,Q4,0.195
1477-7266,Journal of Health Organization and Management,Q2,0.648
1079-3739,Journal of Health and Human Services Administration,Q4,0.191
2168-5509,Journal of Health and Human Services Administration,Q4,0.191
1179-3201,Journal of Healthcare Leadership,Q1,1.264
1944-7396,Journal of Healthcare Management,Q2,0.635
1096-9012,Journal of Healthcare Management,Q2,0.635
1743-873X,Journal of Heritage Tourism,Q1,0.849
1747-6631,Journal of Heritage Tourism,Q1,0.849
1047-8310,Journal of High Technology Management Research,Q1,0.814
2717-1426,Journal of Higher Education Policy and Leadership Studies,Q3,0.263
1755-7518,Journal of Historical Research in Marketing,Q3,0.234
1755-750X,Journal of Historical Research in Marketing,Q3,0.234
2194-6361,Journal of Homeland Security and Emergency Management,Q3,0.254
1547-7355,Journal of Homeland Security and Emergency Management,Q3,0.254
2523-2533,Journal of Hospital Management and Health Policy,Q3,0.3
2152-2790,Journal of Hospitality Financial Management,Q4,0.153
1091-3211,Journal of Hospitality Financial Management,Q4,0.153
1936-8631,Journal of Hospitality Marketing and Management,Q1,3.212
1936-8623,Journal of Hospitality Marketing and Management,Q1,3.212
2164-9987,Journal of Hospitality and Tourism Cases,Q4,0.102
2325-6540,Journal of Hospitality and Tourism Education,Q2,0.591
1096-3758,Journal of Hospitality and Tourism Education,Q2,0.591
2514-9806,Journal of Hospitality and Tourism Insights,Q1,1.134
2514-9792,Journal of Hospitality and Tourism Insights,Q1,1.134
1839-5260,Journal of Hospitality and Tourism Management,Q1,2.158
1447-6770,Journal of Hospitality and Tourism Management,Q1,2.158
1096-3480,Journal of Hospitality and Tourism Research,Q1,1.428
1557-7554,Journal of Hospitality and Tourism Research,Q1,1.428
1757-9880,Journal of Hospitality and Tourism Technology,Q1,1.476
1757-9899,Journal of Hospitality and Tourism Technology,Q1,1.476
1473-8376,"Journal of Hospitality, Leisure, Sport and Tourism Education",Q1,0.982
2691-1337,Journal of Housing Research,Q2,0.271
1052-7001,Journal of Housing Research,Q2,0.271
1548-8004,Journal of Human Resources,Q1,6.588
0022-166X,Journal of Human Resources,Q1,6.588
1533-2845,Journal of Human Resources in Hospitality and Tourism,Q2,0.547
1533-2853,Journal of Human Resources in Hospitality and Tourism,Q2,0.547
0973-0737,Journal of Human Values,Q2,0.241
0971-6858,Journal of Human Values,Q2,0.241
2042-6747,Journal of Humanitarian Logistics and Supply Chain Management,Q1,0.877
2042-6755,Journal of Humanitarian Logistics and Supply Chain Management,Q1,0.877
2245-800X,Journal of ICT Standardization,Q2,0.352
2246-0853,Journal of ICT Standardization,Q2,0.352
1755-4195,Journal of Indian Business Research,Q2,0.553
1755-4209,Journal of Indian Business Research,Q2,0.553
2338-5847,Journal of Indonesian Economy and Business,Q3,0.29
2085-8272,Journal of Indonesian Economy and Business,Q3,0.29
1467-6451,Journal of Industrial Economics,Q1,1.486
0022-1821,Journal of Industrial Economics,Q1,1.486
1004-6062,Journal of Industrial Engineering and Engineering Management,Q3,0.247
2013-8423,Journal of Industrial Engineering and Management,Q2,0.481
2013-0953,Journal of Industrial Engineering and Management,Q2,0.481
2424-8630,Journal of Industrial Integration and Management,Q1,0.597
2424-8622,Journal of Industrial Integration and Management,Q1,0.597
0022-1856,Journal of Industrial Relations,Q1,0.946
1472-9296,Journal of Industrial Relations,Q1,0.946
0391-2078,Journal of Industrial and Business Economics,Q1,0.732
1972-4977,Journal of Industrial and Business Economics,Q1,0.732
1547-5816,Journal of Industrial and Management Optimization,Q3,0.389
1553-166X,Journal of Industrial and Management Optimization,Q3,0.389
1566-1679,"Journal of Industry, Competition and Trade",Q3,0.296
0888-7985,Journal of Information Systems,Q2,0.733
1558-7959,Journal of Information Systems,Q2,0.733
2598-6333,Journal of Information Systems Engineering and Business Intelligence,Q3,0.31
2443-2555,Journal of Information Systems Engineering and Business Intelligence,Q3,0.31
1551-0123,Journal of Information Systems Security,Q4,0.129
1551-0808,Journal of Information Systems Security,Q4,0.129
1466-4437,Journal of Information Technology,Q1,2.192
0268-3962,Journal of Information Technology,Q1,2.192
2008-5893,Journal of Information Technology Management,Q3,0.197
2423-5059,Journal of Information Technology Management,Q3,0.197
2032-5355,Journal of Innovation Economics and Management,Q2,0.425
2183-0606,Journal of Innovation Management,Q3,0.293
2192-5372,Journal of Innovation and Entrepreneurship,Q1,0.889
2444-569X,Journal of Innovation and Knowledge,Q1,3.341
2530-7614,Journal of Innovation and Knowledge,Q1,3.341
1346-8073,Journal of Insect Biotechnology and Sericology,Q4,0.117
1884-7978,Journal of Insect Biotechnology and Sericology,Q4,0.117
2185-8322,Journal of Integrated Disaster Risk Management,Q3,0.228
1469-1930,Journal of Intellectual Capital,Q1,1.526
2001-015X,Journal of Intelligence Studies in Business,Q3,0.234
2694-3999,Journal of Inter-Organizational Relationships,Q3,0.26
2694-3980,Journal of Inter-Organizational Relationships,Q3,0.26
1525-2019,Journal of Interactive Advertising,Q1,1.885
1094-9968,Journal of Interactive Marketing,Q1,3.366
1520-6653,Journal of Interactive Marketing,Q1,3.366
1404-1634,Journal of Intercultural Communication,Q1,0.288
1558-8025,Journal of International Accounting Research,Q3,0.365
1542-6297,Journal of International Accounting Research,Q3,0.365
1061-9518,"Journal of International Accounting, Auditing and Taxation",Q2,0.746
2044-4575,Journal of International Business Education,Q4,0.107
1649-4946,Journal of International Business Education,Q4,0.107
2522-0691,Journal of International Business Policy,Q1,1.5
2522-0705,Journal of International Business Policy,Q1,1.5
0047-2506,Journal of International Business Studies,Q1,5.078
1478-6990,Journal of International Business Studies,Q1,5.078
1793-9933,"Journal of International Commerce, Economics and Policy",Q2,0.407
1793-9941,"Journal of International Commerce, Economics and Policy",Q2,0.407
0896-1530,Journal of International Consumer Marketing,Q2,0.776
1528-7068,Journal of International Consumer Marketing,Q2,0.776
2046-469X,Journal of International Education in Business,Q2,0.492
1836-3261,Journal of International Education in Business,Q2,0.492
1570-7385,Journal of International Entrepreneurship,Q2,0.719
0954-1314,Journal of International Financial Management and Accounting,Q1,2.0
1467-646X,Journal of International Financial Management and Accounting,Q1,2.0
0897-4438,Journal of International Food and Agribusiness Marketing,Q2,0.396
1528-6983,Journal of International Food and Agribusiness Marketing,Q2,0.396
2508-7592,Journal of International Logistics and Trade,Q2,0.379
1738-2122,Journal of International Logistics and Trade,Q2,0.379
1075-4253,Journal of International Management,Q1,1.685
1547-7215,Journal of International Marketing,Q1,1.683
1069-031X,Journal of International Marketing,Q1,1.683
2071-8330,Journal of International Studies,Q2,0.417
2306-3483,Journal of International Studies,Q2,0.417
2289-666X,Journal of International Studies (Malaysia),Q2,0.265
1823-691X,Journal of International Studies (Malaysia),Q2,0.265
1477-0024,Journal of International Trade Law and Policy,Q2,0.259
1533-287X,Journal of Internet Commerce,Q1,1.154
1533-2861,Journal of Internet Commerce,Q1,1.154
1092-5872,Journal of Interpretation Research,Q4,0.17
2692-9376,Journal of Interpretation Research,Q4,0.17
2168-8613,Journal of Investing,Q3,0.215
1068-0896,Journal of Investing,Q3,0.215
2047-1238,Journal of Investment Strategies,Q4,0.16
2047-1246,Journal of Investment Strategies,Q4,0.16
1759-0817,Journal of Islamic Accounting and Business Research,Q2,0.424
1759-0825,Journal of Islamic Accounting and Business Research,Q2,0.424
1759-0833,Journal of Islamic Marketing,Q2,0.825
1759-0841,Journal of Islamic Marketing,Q2,0.825
1342-2618,Journal of Japan Industrial Management Association,Q4,0.167
2187-9079,Journal of Japan Industrial Management Association,Q4,0.167
1367-3270,Journal of Knowledge Management,Q1,1.946
1229-828X,Journal of Korea Trade,Q4,0.172
0734-306X,Journal of Labor Economics,Q1,6.404
1537-5307,Journal of Labor Economics,Q1,6.404
0195-3613,Journal of Labor Research,Q3,0.316
1936-4768,Journal of Labor Research,Q3,0.316
1465-7341,"Journal of Law, Economics, and Organization",Q1,1.424
8756-6222,"Journal of Law, Economics, and Organization",Q1,1.424
2380-5013,"Journal of Law, Finance, and Accounting",Q1,1.08
2380-5005,"Journal of Law, Finance, and Accounting",Q1,1.08
1939-7089,Journal of Leadership and Organizational Studies,Q1,1.687
1548-0518,Journal of Leadership and Organizational Studies,Q1,1.687
0022-2216,Journal of Leisure Research,Q1,0.754
2409-2665,"Journal of Logistics, Informatics and Service Science (discontinued)",-,
0276-1467,Journal of Macromarketing,Q2,1.134
0149-2063,Journal of Management,Q1,8.636
1557-1211,Journal of Management,Q1,8.636
1558-8033,Journal of Management Accounting Research,Q1,0.964
1049-2127,Journal of Management Accounting Research,Q1,0.964
2327-0039,Journal of Management Analytics,Q1,0.897
2327-0012,Journal of Management Analytics,Q1,0.897
2191-477X,Journal of Management Control,Q2,0.777
2191-4761,Journal of Management Control,Q2,0.777
0262-1711,Journal of Management Development,Q1,0.674
1052-5629,Journal of Management Education,Q1,0.765
1552-6658,Journal of Management Education,Q1,0.765
1758-7751,Journal of Management History,Q1,0.371
1751-1348,Journal of Management History,Q1,0.371
1557-928X,Journal of Management Information Systems,Q1,3.652
0742-1222,Journal of Management Information Systems,Q1,3.652
1552-6542,Journal of Management Inquiry,Q1,3.103
1056-4926,Journal of Management Inquiry,Q1,3.103
2096-2320,Journal of Management Science and Engineering,Q1,1.098
2589-5532,Journal of Management Science and Engineering,Q1,1.098
0022-2380,Journal of Management Studies,Q1,5.465
1467-6486,Journal of Management Studies,Q1,5.465
2994-3191,Journal of Management World (discontinued),-,
2521-4306,Journal of Management and Business Research,Q4,0.113
1572-963X,Journal of Management and Governance,Q1,1.041
1385-3457,Journal of Management and Governance,Q1,1.041
1839-3527,Journal of Management and Organization,Q1,0.945
1833-3672,Journal of Management and Organization,Q1,0.945
1943-5479,Journal of Management in Engineering,Q1,1.619
0742-597X,Journal of Management in Engineering,Q1,1.619
1942-258X,"Journal of Management, Spirituality and Religion",Q1,0.491
1476-6086,"Journal of Management, Spirituality and Religion",Q1,0.491
0268-3946,Journal of Managerial Psychology,Q1,1.135
1526-6125,Journal of Manufacturing Processes,Q1,1.556
1741-038X,Journal of Manufacturing Technology Management,Q1,1.532
1547-7185,Journal of Marketing,Q1,13.394
0022-2429,Journal of Marketing,Q1,13.394
2050-3318,Journal of Marketing Analytics,Q1,0.787
2050-3326,Journal of Marketing Analytics,Q1,0.787
1466-4445,Journal of Marketing Communications,Q1,0.999
1352-7266,Journal of Marketing Communications,Q1,0.999
0273-4753,Journal of Marketing Education,Q1,0.915
1552-6550,Journal of Marketing Education,Q1,0.915
0267-257X,Journal of Marketing Management,Q1,1.214
1472-1376,Journal of Marketing Management,Q1,1.214
0022-2437,Journal of Marketing Research,Q1,6.961
1547-7193,Journal of Marketing Research,Q1,6.961
1069-6679,Journal of Marketing Theory and Practice,Q1,1.645
1540-7144,Journal of Marketing for Higher Education,Q2,0.635
0884-1241,Journal of Marketing for Higher Education,Q2,0.635
1652-2354,Journal of Media Business Studies,Q2,0.552
2042-8707,"Journal of Mental Health Training, Education and Practice",Q2,0.444
1755-6228,"Journal of Mental Health Training, Education and Practice",Q2,0.444
1746-5672,Journal of Modelling in Management,Q2,0.541
1746-5664,Journal of Modelling in Management,Q2,0.541
2317-3963,Journal of Modern Project Management,Q4,0.209
1538-4616,"Journal of Money, Credit and Banking",Q1,1.933
0022-2879,"Journal of Money, Credit and Banking",Q1,1.933
1057-9214,Journal of Multi-Criteria Decision Analysis,Q2,0.581
1099-1360,Journal of Multi-Criteria Decision Analysis,Q2,0.581
1573-7705,Journal of Network and Systems Management,Q1,0.876
1064-7570,Journal of Network and Systems Management,Q1,0.876
1937-321X,"Journal of Neuroscience, Psychology, and Economics",Q2,0.308
2151-318X,"Journal of Neuroscience, Psychology, and Economics",Q2,0.308
2374-7838,Journal of Nonprofit Education and Leadership,Q2,0.175
2157-0604,Journal of Nonprofit Education and Leadership,Q2,0.175
1540-6997,Journal of Nonprofit and Public Sector Marketing,Q2,0.583
1049-5142,Journal of Nonprofit and Public Sector Marketing,Q2,0.583
2044-8325,Journal of Occupational and Organizational Psychology,Q1,1.969
0963-1798,Journal of Occupational and Organizational Psychology,Q1,1.969
1744-6740,Journal of Operational Risk,Q3,0.255
1755-2710,Journal of Operational Risk,Q3,0.255
1873-1317,Journal of Operations Management,Q1,4.52
0272-6963,Journal of Operations Management,Q1,4.52
2245-408X,Journal of Organization Design,Q3,0.388
1099-1379,Journal of Organizational Behavior,Q1,3.862
0894-3796,Journal of Organizational Behavior,Q1,3.862
1649-7627,Journal of Organizational Behavior Education,Q4,0.116
2047-9999,Journal of Organizational Behavior Education,Q4,0.116
0160-8061,Journal of Organizational Behavior Management,Q3,0.397
1540-8604,Journal of Organizational Behavior Management,Q3,0.397
0953-4814,Journal of Organizational Change Management,Q2,0.777
2051-6614,Journal of Organizational Effectiveness,Q2,0.877
2051-6622,Journal of Organizational Effectiveness,Q2,0.877
2046-6757,Journal of Organizational Ethnography,Q1,0.556
2046-6749,Journal of Organizational Ethnography,Q1,0.556
1546-5012,Journal of Organizational and End User Computing,Q2,0.514
1546-2234,Journal of Organizational and End User Computing,Q2,0.514
2213-0780,Journal of Outdoor Recreation and Tourism,Q1,1.22
2160-6862,Journal of Park and Recreation Administration,Q2,0.356
0735-1968,Journal of Park and Recreation Administration,Q2,0.356
2514-765X,Journal of Participation and Employee Ownership,Q2,0.393
2514-7641,Journal of Participation and Employee Ownership,Q2,0.393
1750-1806,Journal of Payments Strategy and Systems,Q3,0.312
1750-1814,Journal of Payments Strategy and Systems,Q3,0.312
1474-7472,Journal of Pension Economics and Finance,Q2,0.524
1475-3022,Journal of Pension Economics and Finance,Q2,0.524
1557-7813,Journal of Personal Selling and Sales Management,Q1,1.575
0885-3134,Journal of Personal Selling and Sales Management,Q1,1.575
1866-5888,Journal of Personnel Psychology,Q2,0.952
2190-5150,Journal of Personnel Psychology,Q2,0.952
2691-1361,Journal of Philanthropy and Marketing,Q2,0.457
1753-8343,Journal of Place Management and Development,Q2,0.435
1753-8335,Journal of Place Management and Development,Q2,0.435
0276-8739,Journal of Policy Analysis and Management,Q1,2.398
1520-6688,Journal of Policy Analysis and Management,Q1,2.398
1940-7963,"Journal of Policy Research in Tourism, Leisure and Events",Q2,0.559
1940-7971,"Journal of Policy Research in Tourism, Leisure and Events",Q2,0.559
1537-7857,Journal of Political Marketing,Q1,0.624
1537-7865,Journal of Political Marketing,Q1,0.624
0095-4918,Journal of Portfolio Management,Q2,0.595
0890-913X,Journal of Private Enterprise,Q4,0.137
1540-5885,Journal of Product Innovation Management,Q1,3.598
0737-6782,Journal of Product Innovation Management,Q1,3.598
1061-0421,Journal of Product and Brand Management,Q1,1.886
0895-562X,Journal of Productivity Analysis,Q1,0.623
1573-0441,Journal of Productivity Analysis,Q1,0.623
2051-8811,Journal of Professions and Organization,Q1,1.178
2051-8803,Journal of Professions and Organization,Q1,1.178
2371-8374,Journal of Project Management (Canada),Q2,0.362
2371-8366,Journal of Project Management (Canada),Q2,0.362
1049-6491,Journal of Promotion Management,Q2,0.849
1463-578X,Journal of Property Investment and Finance,Q2,0.524
1548-3606,Journal of Property Tax Assessment and Administration,Q3,0.163
1357-1419,Journal of Property Tax Assessment and Administration,Q3,0.163
1940-1019,Journal of Psychology,Q1,0.929
0022-3980,Journal of Psychology,Q1,0.929
1477-9803,Journal of Public Administration Research and Theory,Q1,3.454
1053-1858,Journal of Public Administration Research and Theory,Q1,3.454
1096-3367,"Journal of Public Budgeting, Accounting and Financial Management",Q2,0.719
1945-1814,"Journal of Public Budgeting, Accounting and Financial Management",Q2,0.719
0743-9156,Journal of Public Policy and Marketing,Q1,2.525
1547-7207,Journal of Public Policy and Marketing,Q1,2.525
2381-3717,Journal of Public and Nonprofit Affairs,Q3,0.248
1478-4092,Journal of Purchasing and Supply Management,Q1,2.084
1528-008X,Journal of Quality Assurance in Hospitality and Tourism,Q2,0.646
0022-4065,Journal of Quality Technology,Q1,1.068
1355-2511,Journal of Quality in Maintenance Engineering,Q2,0.567
0971-1554,Journal of Quantitative Economics,Q3,0.239
2364-1045,Journal of Quantitative Economics,Q3,0.239
1573-045X,Journal of Real Estate Finance and Economics,Q1,0.729
0895-5638,Journal of Real Estate Finance and Economics,Q1,0.729
0927-7544,Journal of Real Estate Literature,Q2,0.326
1083-5547,Journal of Real Estate Portfolio Management,Q3,0.151
0896-5803,Journal of Real Estate Research,Q2,0.447
1533-2675,Journal of Relationship Marketing,Q2,0.786
1533-2667,Journal of Relationship Marketing,Q2,0.786
2573-7104,Journal of Research Administration,Q3,0.217
1539-1590,Journal of Research Administration,Q3,0.217
2040-7122,Journal of Research in Interactive Marketing,Q1,3.336
1471-5201,Journal of Research in Marketing and Entrepreneurship,Q2,0.548
2329-9460,Journal of Responsible Innovation,Q1,1.153
2329-9037,Journal of Responsible Innovation,Q1,1.153
0022-4359,Journal of Retailing,Q1,4.204
0969-6989,Journal of Retailing and Consumer Services,Q1,3.439
2326-6902,Journal of Retirement,Q4,0.192
2326-6899,Journal of Retirement,Q4,0.192
1476-6930,Journal of Revenue and Pricing Management,Q3,0.318
1477-657X,Journal of Revenue and Pricing Management,Q3,0.318
1755-2842,Journal of Risk,Q4,0.2
1465-1211,Journal of Risk,Q4,0.2
2331-2947,Journal of Risk Finance,Q2,0.821
1526-5943,Journal of Risk Finance,Q2,0.821
1466-4461,Journal of Risk Research,Q1,0.634
1366-9877,Journal of Risk Research,Q1,0.634
1911-8074,Journal of Risk and Financial Management,Q2,0.48
1911-8066,Journal of Risk and Financial Management,Q2,0.48
1539-6975,Journal of Risk and Insurance,Q1,1.31
0022-4367,Journal of Risk and Insurance,Q1,1.31
1573-0476,Journal of Risk and Uncertainty,Q2,0.791
0895-5646,Journal of Risk and Uncertainty,Q2,0.791
2470-8496,Journal of School Administration Research and Development,Q3,0.275
2470-850X,Journal of School Administration Research and Development,Q3,0.275
2053-4639,Journal of Science and Technology Policy Management,Q2,0.694
2053-4620,Journal of Science and Technology Policy Management,Q2,0.694
1757-5818,Journal of Service Management,Q1,3.348
1094-6705,Journal of Service Research,Q1,6.011
1552-7379,Journal of Service Research,Q1,6.011
2055-6225,Journal of Service Theory and Practice,Q1,1.049
0887-6045,Journal of Services Marketing,Q1,1.364
2364-4575,Journal of Shipping and Trade,Q1,0.595
0047-2778,Journal of Small Business Management,Q1,2.149
1540-627X,Journal of Small Business Management,Q1,2.149
1081-8510,Journal of Small Business Strategy,Q2,0.584
2380-1751,Journal of Small Business Strategy,Q2,0.584
1462-6004,Journal of Small Business and Enterprise Development,Q1,0.809
0827-6331,Journal of Small Business and Entrepreneurship,Q1,1.117
2169-2610,Journal of Small Business and Entrepreneurship,Q1,1.117
1942-0684,Journal of Social Entrepreneurship,Q1,0.718
1942-0676,Journal of Social Entrepreneurship,Q1,0.718
2042-6763,Journal of Social Marketing,Q2,0.792
2042-6771,Journal of Social Marketing,Q2,0.792
0973-1741,Journal of South Asian Development,Q1,0.336
0973-1733,Journal of South Asian Development,Q1,0.336
1543-270X,Journal of Sport Management,Q1,1.352
0888-4773,Journal of Sport Management,Q1,1.352
1477-5085,Journal of Sport and Tourism,Q2,0.613
1029-5399,Journal of Sport and Tourism,Q2,0.613
2330-0574,Journal of Sport for Development,Q2,0.313
0963-8687,Journal of Strategic Information Systems,Q1,3.765
0965-254X,Journal of Strategic Marketing,Q1,1.176
1466-4488,Journal of Strategic Marketing,Q1,1.176
1755-425X,Journal of Strategy and Management,Q2,0.922
1755-4268,Journal of Strategy and Management,Q2,0.922
1523-2409,Journal of Supply Chain Management,Q1,4.562
1745-493X,Journal of Supply Chain Management,Q1,4.562
2043-0809,Journal of Sustainable Finance and Investment,Q1,1.146
2043-0795,Journal of Sustainable Finance and Investment,Q1,1.146
2766-0117,Journal of Sustainable Marketing,Q3,0.236
0966-9582,Journal of Sustainable Tourism,Q1,2.733
1747-7646,Journal of Sustainable Tourism,Q1,2.733
1816-6075,Journal of System and Management Sciences (discontinued),-,
1818-0523,Journal of System and Management Sciences (discontinued),-,
1758-8847,Journal of Systems and Information Technology,Q2,0.558
1328-7265,Journal of Systems and Information Technology,Q2,0.558
2412-8872,Journal of Tax Reform,Q3,0.187
2414-9497,Journal of Tax Reform,Q3,0.187
1838-3815,Journal of Teaching and Learning for Graduate Employability,Q2,0.458
0897-5930,Journal of Teaching in International Business,Q3,0.269
1531-3220,Journal of Teaching in Travel and Tourism,Q2,0.472
0718-2724,Journal of Technology Management and Innovation,Q4,0.231
0892-9912,Journal of Technology Transfer,Q1,1.709
2203-1693,Journal of Telecommunications and the Digital Economy,Q3,0.179
1533-0915,"Journal of Textile and Apparel, Technology and Management",Q4,0.152
0718-1876,Journal of Theoretical and Applied Electronic Commerce Research,Q1,0.952
2254-0644,Journal of Tourism Analysis,Q3,0.171
1885-2564,Journal of Tourism Analysis,Q3,0.171
2055-5911,Journal of Tourism Futures,Q1,1.308
2055-592X,Journal of Tourism Futures,Q1,1.308
1755-1838,Journal of Tourism History,Q2,0.201
1755-182X,Journal of Tourism History,Q2,0.201
1476-6825,Journal of Tourism and Cultural Change,Q1,0.752
1645-9261,Journal of Tourism and Development,Q3,0.24
2182-1453,Journal of Tourism and Development,Q3,0.24
1804-5650,Journal of Tourism and Services,Q2,0.561
2529-1947,"Journal of Tourism, Heritage and Services Marketing",Q2,0.395
1995-5235,Journal of Transport and Supply Chain Management,Q2,0.338
2310-8789,Journal of Transport and Supply Chain Management,Q2,0.338
1552-6763,Journal of Travel Research,Q1,3.1
0047-2875,Journal of Travel Research,Q1,3.1
1054-8408,Journal of Travel and Tourism Marketing,Q1,2.299
1540-7306,Journal of Travel and Tourism Marketing,Q1,2.299
2151-559X,Journal of Trust Research,Q1,0.84
2151-5581,Journal of Trust Research,Q1,0.84
1356-7667,Journal of Vacation Marketing,Q1,1.299
1479-1870,Journal of Vacation Marketing,Q1,1.299
1548-0585,Journal of Vinyl and Additive Technology,Q2,0.577
1083-5601,Journal of Vinyl and Additive Technology,Q2,0.577
1095-9084,Journal of Vocational Behavior,Q1,2.793
0001-8791,Journal of Vocational Behavior,Q1,2.793
2631-3103,Journal of White Collar and Corporate Crime,Q2,0.418
1931-437X,Journal of Wine Economics,Q2,0.455
1931-4361,Journal of Wine Economics,Q2,0.455
1821-1283,Journal of Women's Entrepreneurship and Education,Q3,0.259
2406-0674,Journal of Women's Entrepreneurship and Education,Q3,0.259
2205-2062,Journal of Work-Applied Management,Q1,0.76
2205-149X,Journal of Work-Applied Management,Q1,0.76
1366-5626,Journal of Workplace Learning,Q2,0.53
1090-9516,Journal of World Business,Q1,4.297
1660-7112,Journal of World Investment and Trade,Q2,0.389
2211-9000,Journal of World Investment and Trade,Q2,0.389
0092-0703,Journal of the Academy of Marketing Science,Q1,6.896
1552-7824,Journal of the Academy of Marketing Science,Q1,6.896
1558-8017,Journal of the American Taxation Association,Q1,1.382
0198-9073,Journal of the American Taxation Association,Q1,1.382
2378-1823,Journal of the Association for Consumer Research,Q1,1.691
2378-1815,Journal of the Association for Consumer Research,Q1,1.691
1832-911X,Journal of the Australasian Tax Teachers Association,Q4,0.113
0350-7599,Journal of the Geographical Institute Jovan Cvijic SASA,Q3,0.286
1821-2808,Journal of the Geographical Institute Jovan Cvijic SASA,Q3,0.286
2643-7015,Journal of the International Council for Small Business,Q3,0.326
2643-7023,Journal of the International Council for Small Business,Q3,0.326
0037-2072,Journal of the Japan Research Association for Textile End-Uses,Q4,0.104
1738-6225,Journal of the Korean Society for Railway,Q3,0.219
2288-2235,Journal of the Korean Society for Railway,Q3,0.219
0160-5682,Journal of the Operational Research Society,Q1,0.917
1476-9360,Journal of the Operational Research Society,Q1,0.917
0368-4636,Journal of the Textile Association,Q4,0.133
2716-6058,Jurnal Ekonomi Malaysia,Q3,0.182
0127-1962,Jurnal Ekonomi Malaysia,Q3,0.182
2580-0698,Jurnal Kajian Bali,Q1,0.158
2088-4443,Jurnal Kajian Bali,Q1,0.158
0127-2713,Jurnal Pengurusan,Q4,0.168
0023-0561,Keramische Zeitschrift,Q3,0.106
0266-8394,Knitting International,Q4,0.1
1477-8238,Knowledge Management Research and Practice,Q1,0.822
1477-8246,Knowledge Management Research and Practice,Q1,0.822
2073-7904,Knowledge Management and E-Learning,Q2,0.66
2616-3829,Knowledge and Performance Management,Q2,0.254
2543-5507,Knowledge and Performance Management,Q2,0.254
1099-1441,Knowledge and Process Management,Q2,0.656
1092-4604,Knowledge and Process Management,Q2,0.656
0950-7051,Knowledge-Based Systems,Q1,1.934
2508-7193,Korean Accounting Review,Q4,0.201
1229-3288,Korean Accounting Review,Q4,0.201
2336-3037,LOGI - Scientific Journal on Transport and Logistics,Q2,0.502
0023-656X,Labor History,Q1,0.381
1469-9702,Labor History,Q1,0.381
0160-449X,Labor Studies Journal,Q2,0.375
1558-1454,Labor: Studies in Working-Class History,Q2,0.136
1547-6715,Labor: Studies in Working-Class History,Q2,0.136
1121-7081,Labour,Q1,0.326
1467-9914,Labour,Q1,0.326
0927-5371,Labour Economics,Q1,1.879
0023-6942,Labour History,Q1,0.296
0961-5652,Labour History Review,Q3,0.121
1745-8188,Labour History Review,Q3,0.121
2325-5676,Labour and Industry,Q3,0.257
1030-1763,Labour and Industry,Q3,0.257
0700-3862,Labour/Le Travail,Q2,0.133
1911-4842,Labour/Le Travail,Q2,0.133
1097-8526,Latin American Business Review,Q3,0.316
1528-6932,Latin American Business Review,Q3,0.316
1742-7150,Leadership,Q1,0.953
1742-7169,Leadership,Q1,0.953
1048-9843,Leadership Quarterly,Q1,5.393
0143-7739,Leadership and Organization Development Journal,Q1,1.117
1570-0763,Leadership and Policy in Schools,Q1,0.714
1744-5043,Leadership and Policy in Schools,Q1,0.714
1751-1879,Leadership in Health Services,Q2,0.588
1751-1887,Leadership in Health Services,Q2,0.588
0969-6474,Learning Organization,Q2,0.462
2323-0622,Lecturas de Economia,Q3,0.156
0120-2596,Lecturas de Economia,Q3,0.156
1865-1348,Lecture Notes in Business Information Processing,Q3,0.262
2195-4968,Lecture Notes in Information Systems and Organisation,Q3,0.214
2195-4976,Lecture Notes in Information Systems and Organisation,Q3,0.214
1521-0588,Leisure Sciences,Q2,0.608
0149-0400,Leisure Sciences,Q2,0.608
1466-4496,Leisure Studies,Q1,0.79
0261-4367,Leisure Studies,Q1,0.79
1492-7713,Leisure/ Loisir,Q2,0.357
2151-2221,Leisure/ Loisir,Q2,0.357
1945-8851,Library Leadership and Management,Q3,0.234
1945-886X,Library Leadership and Management,Q3,0.234
1734-459X,Logforum,Q3,0.309
1895-2038,Logforum,Q3,0.309
2305-6290,Logistics,Q2,0.789
1860-7977,Logistics Journal,Q4,0.126
1865-0368,Logistics Research,Q3,0.304
1865-035X,Logistics Research,Q3,0.304
2377-9640,Logistique et Management,Q4,0.132
1250-7970,Logistique et Management,Q4,0.132
0024-6301,Long Range Planning,Q1,2.909
1873-1872,Long Range Planning,Q1,2.909
0276-7783,MIS Quarterly: Management Information Systems,Q1,4.486
2162-9730,MIS Quarterly: Management Information Systems,Q1,4.486
1532-9194,MIT Sloan Management Review,Q2,0.798
1846-3363,Management,Q4,0.189
1331-0194,Management,Q4,0.189
1286-4692,Management (France),Q2,0.461
1044-5005,Management Accounting Research,Q1,1.224
1096-1224,Management Accounting Research,Q1,1.224
0893-3189,Management Communication Quarterly,Q1,1.185
0025-1747,Management Decision,Q1,1.028
0938-8249,Management International Review,Q1,1.184
1861-8901,Management International Review,Q1,1.184
1461-7307,Management Learning,Q1,1.672
1350-5076,Management Learning,Q1,1.672
1536-5433,Management Research,Q3,0.356
1558-0946,Management Research,Q3,0.356
2040-8269,Management Research Review,Q1,0.908
1021-9447,Management Review (Taiwan),Q4,0.102
2414-7354,Management Review (Taiwan),Q4,0.102
2198-1639,Management Review Quarterly,Q1,1.83
2198-1620,Management Review Quarterly,Q1,1.83
1861-9908,Management Revue,Q4,0.201
0935-9915,Management Revue,Q4,0.201
0025-1909,Management Science,Q1,5.72
1526-5501,Management Science,Q1,5.72
2299-0461,Management Systems in Production Engineering,Q3,0.298
2450-5781,Management Systems in Production Engineering,Q3,0.298
2379-2981,Management Teaching Review,Q2,0.382
2600-7975,Management and Accounting Review,Q4,0.162
2321-0710,Management and Labour Studies,Q3,0.352
0258-042X,Management and Labour Studies,Q3,0.352
2069-8887,Management and Marketing,Q3,0.311
1842-0206,Management and Marketing,Q3,0.311
1740-8776,Management and Organization Review,Q1,0.925
1740-8784,Management and Organization Review,Q1,0.925
1744-9359,Management and Organizational History,Q1,0.495
1744-9367,Management and Organizational History,Q1,0.495
2082-1344,Management and Production Engineering Review,Q3,0.264
2080-8208,Management and Production Engineering Review,Q3,0.264
2265-3937,Management and Prospective,Q4,0.142
2983-8304,Management and Prospective,Q4,0.142
2752-9819,Management and Sustainability,Q3,0.332
2752-9827,Management and Sustainability,Q3,0.332
1741-9883,Management in Education,Q2,0.475
0892-0206,Management in Education,Q2,0.475
0268-6902,Managerial Auditing Journal,Q1,0.605
0307-4358,Managerial Finance,Q2,0.546
1758-7743,Managerial Finance,Q2,0.546
1099-1468,Managerial and Decision Economics,Q2,0.617
0143-6570,Managerial and Decision Economics,Q2,0.617
2375-0480,Managing Sport and Leisure,Q2,0.596
2375-0472,Managing Sport and Leisure,Q2,0.596
1526-5498,Manufacturing and Service Operations Management,Q1,4.486
1523-4614,Manufacturing and Service Operations Management,Q1,4.486
2397-3757,Maritime Business Review,Q2,0.587
2397-3765,Maritime Business Review,Q2,0.587
0263-4503,Marketing Intelligence and Planning,Q2,1.245
1573-059X,Marketing Letters,Q1,2.036
0923-0645,Marketing Letters,Q1,2.036
0732-2399,Marketing Science,Q1,7.543
1526-548X,Marketing Science,Q1,7.543
1470-5931,Marketing Theory,Q1,1.774
1741-301X,Marketing Theory,Q1,1.774
0344-1369,"Marketing, Zeitschrift fur Forschung und Praxis",Q4,0.175
2473-4055,"Markets, Globalization and Development Review",Q3,0.148
0960-1627,Mathematical Finance,Q1,1.327
1467-9965,Mathematical Finance,Q1,1.327
1368-3047,Measuring Business Excellence,Q2,0.726
2049-3738,Meditari Accountancy Research,Q1,1.008
2049-372X,Meditari Accountancy Research,Q1,1.008
0947-9163,Melliand International,Q4,0.1
1665-7039,Mercados y Negocios,Q4,0.15
2594-0163,Mercados y Negocios,Q4,0.15
1121-4228,Micro and Macro Marketing,Q4,0.118
2612-2073,Micro and Macro Marketing,Q4,0.118
1073-9467,Middle East Quarterly,Q4,0.104
1937-4658,Monthly Labor Review,Q3,0.323
0098-1818,Monthly Labor Review,Q3,0.323
1525-383X,Multinational Business Review,Q1,1.086
2054-1686,Multinational Business Review,Q1,1.086
1096-1879,Multinational Finance Journal,Q4,0.12
1515-5994,Mundo Agrario,Q3,0.108
1872-9185,Museum Management and Curatorship,Q1,0.555
0964-7775,Museum Management and Curatorship,Q1,0.555
2768-5241,NJAS: Impact in Agricultural and Life Sciences,Q2,0.326
1018-1601,NTU Management Review,Q4,0.13
2226-6771,NTUT Journal of Intellectual Property Law and Management,Q4,0.103
2040-8757,Nankai Business Review International,Q2,0.43
2040-8749,Nankai Business Review International,Q2,0.43
1871-4765,NanoEthics,Q1,0.332
1871-4757,NanoEthics,Q1,0.332
1944-7477,National Tax Journal,Q1,1.437
0028-0283,National Tax Journal,Q1,1.437
1571-9979,Negotiation Journal,Q2,0.336
0748-4526,Negotiation Journal,Q2,0.336
1750-4716,Negotiation and Conflict Management Research,Q3,0.244
1750-4708,Negotiation and Conflict Management Research,Q3,0.244
1097-6736,New Directions for Evaluation,Q2,0.48
1550-333X,New England Journal of Entrepreneurship,Q2,0.437
2574-8904,New England Journal of Entrepreneurship,Q2,0.437
1557-2978,New Labor Forum,Q3,0.215
1095-7960,New Labor Forum,Q3,0.215
2168-0264,New Space,Q2,0.515
2168-0256,New Space,Q2,0.515
0268-1072,"New Technology, Work and Employment",Q1,2.795
1468-005X,"New Technology, Work and Employment",Q1,2.795
1048-6682,Nonprofit Management and Leadership,Q1,1.208
1542-7854,Nonprofit Management and Leadership,Q1,1.208
0163-4429,Nonwovens Industry,Q4,0.101
2245-0157,Nordic Journal of Working Life Studies,Q3,0.358
0196-3228,Northwestern Journal of International Law and Business,Q3,0.14
1538-8670,Nursing Management,Q3,0.317
0744-6314,Nursing Management,Q3,0.317
0030-3887,OPSEARCH,Q2,0.409
0975-0320,OPSEARCH,Q2,0.409
0171-6468,OR Spectrum,Q1,0.894
1436-6304,OR Spectrum,Q1,0.894
2353-1827,Oeconomia Copernicana,Q1,1.271
2083-1277,Oeconomia Copernicana,Q1,1.271
0305-0483,Omega (United Kingdom),Q1,2.308
1109-2858,Operational Research,Q2,0.659
1866-1505,Operational Research,Q2,0.659
2632-3451,Operations Engineer,Q4,0.1
1936-9743,Operations Management Research,Q1,1.424
1936-9735,Operations Management Research,Q1,1.424
2214-7160,Operations Research Perspectives,Q1,0.761
2391-6060,Operations Research and Decisions,Q3,0.286
2081-8858,Operations Research and Decisions,Q3,0.286
1979-3561,Operations and Supply Chain Management,Q2,0.524
2579-9363,Operations and Supply Chain Management,Q2,0.524
1862-4472,Optimization Letters,Q2,0.66
1862-4480,Optimization Letters,Q2,0.66
1581-1832,Organizacija,Q2,0.427
1318-5454,Organizacija,Q2,0.427
1350-5084,Organization,Q1,2.861
1461-7323,Organization,Q1,2.861
0889-6402,Organization Development Journal,Q4,0.201
1541-6518,Organization Management Journal,Q2,0.448
2753-8567,Organization Management Journal,Q2,0.448
1526-5455,Organization Science,Q1,8.026
1047-7039,Organization Science,Q1,8.026
1741-3044,Organization Studies,Q1,5.032
0170-8406,Organization Studies,Q1,5.032
2631-7877,Organization Theory,Q1,6.872
1552-7417,Organization and Environment,Q1,1.696
1086-0266,Organization and Environment,Q1,1.696
1847-6228,"Organization, Technology and Management in Construction",Q3,0.345
0749-5978,Organizational Behavior and Human Decision Processes,Q1,2.383
1095-9920,Organizational Behavior and Human Decision Processes,Q1,2.383
2327-8013,Organizational Cultures,Q4,0.145
2327-932X,Organizational Cultures,Q4,0.145
0090-2616,Organizational Dynamics,Q1,0.836
2041-3866,Organizational Psychology Review,Q1,3.434
2041-3874,Organizational Psychology Review,Q1,3.434
1552-7425,Organizational Research Methods,Q1,10.181
1094-4281,Organizational Research Methods,Q1,10.181
2345-0037,Organizations and Markets in Emerging Economies,Q3,0.294
2029-4581,Organizations and Markets in Emerging Economies,Q3,0.294
2312-5942,Organizatsionnaya Psikhologiya,Q4,0.183
1695-7121,PASOS Revista de Turismo y Patrimonio Cultural,Q2,0.182
2529-959X,PASOS Revista de Turismo y Patrimonio Cultural,Q2,0.182
2037-3643,PSL Quarterly Review,Q2,0.263
2037-3635,PSL Quarterly Review,Q2,0.263
2398-4007,PSU Research Review,Q1,0.581
2399-1747,PSU Research Review,Q1,0.581
2041-5494,Pacific Accounting Review,Q2,0.48
0114-0582,Pacific Accounting Review,Q2,0.48
1943-7536,Pacific Asia Journal of the Association for Information Systems,Q2,0.512
1943-7544,Pacific Asia Journal of the Association for Information Systems,Q2,0.512
0048-2676,Packaging News,Q4,0.101
0884-3848,Paint and Coatings Industry,Q4,0.111
1997-8553,Pakistan Journal of Commerce and Social Sciences,Q3,0.328
2309-8619,Pakistan Journal of Commerce and Social Sciences,Q3,0.328
0048-2757,Pakistan Textile Journal,Q4,0.102
0218-4540,Paper Asia,Q4,0.108
1933-3684,Paper360,Q4,0.1
1937-8327,Performance Improvement Quarterly,Q3,0.301
0898-5952,Performance Improvement Quarterly,Q3,0.301
1416-3837,Periodica Polytechnica Social and Management Sciences,Q3,0.209
1587-3803,Periodica Polytechnica Social and Management Sciences,Q3,0.209
0031-5826,Personnel Psychology,Q1,5.414
1744-6570,Personnel Psychology,Q1,5.414
0048-3486,Personnel Review,Q1,1.366
0128-7702,Pertanika Journal of Social Sciences and Humanities,Q2,0.273
2231-8534,Pertanika Journal of Social Sciences and Humanities,Q2,0.273
0306-395X,Petroleum Economist,Q4,0.1
2052-9597,Philosophy of Management,Q2,0.292
1740-3812,Philosophy of Management,Q2,0.292
2081-2221,"Physical Culture and Sport, Studies and Research",Q1,0.357
1899-4849,"Physical Culture and Sport, Studies and Research",Q1,0.357
1751-8040,Place Branding and Public Diplomacy,Q2,0.617
1751-8059,Place Branding and Public Diplomacy,Q2,0.617
0032-082X,Plant Engineering,Q4,0.102
2081-7452,Polish Journal of Management Studies,Q3,0.31
1899-1998,Polish Journal of Sport and Tourism,Q3,0.226
2082-8799,Polish Journal of Sport and Tourism,Q3,0.226
0975-2854,Prabandhan: Indian Journal of Management,Q3,0.259
2543-7313,Prace i Studia Geograficzne,Q2,0.165
0208-4589,Prace i Studia Geograficzne,Q2,0.165
0079-4872,Prakseologia,Q4,0.103
1939-5442,Printed Circuit Design and Fab,Q4,0.1
0032-860X,Printing Impressions,Q4,0.1
1727-7051,Problems and Perspectives in Management,Q2,0.291
1810-5467,Problems and Perspectives in Management,Q2,0.291
2770-4807,"Proceedings - International Conference on Education and Technology, ICET",-,0.14
2695-5067,Proceedings from the International Congress on Project Management and Engineering,-,0.12
1751-4312,"Proceedings of Institution of Civil Engineers: Management, Procurement and Law",Q3,0.327
1751-4304,"Proceedings of Institution of Civil Engineers: Management, Procurement and Law",Q3,0.327
2701-6277,Proceedings of the Conference on Production Systems and Logistics,-,0.21
2049-1050,"Proceedings of the European Conference on Innovation and Entrepreneurship, ECIE",-,0.147
2048-903X,"Proceedings of the European Conference on Management, Leadership and Governance",-,0.134
2048-9021,"Proceedings of the European Conference on Management, Leadership and Governance",-,0.134
2049-0976,Proceedings of the European Conference on Research Methods in Business and Management Studies,-,0.12
2049-0968,Proceedings of the European Conference on Research Methods in Business and Management Studies,-,0.12
2365-4430,Proceedings of the Hamburg International Conference of Logistics,-,0.154
2365-5070,Proceedings of the Hamburg International Conference of Logistics,-,0.154
2332-6441,Proceedings of the IEEE International Conference on Requirements Engineering,-,0.491
1090-705X,Proceedings of the IEEE International Conference on Requirements Engineering,-,0.491
2379-2027,"Proceedings of the IEEE National Aerospace Electronics Conference, NAECON",-,0.172
0547-3578,"Proceedings of the IEEE National Aerospace Electronics Conference, NAECON",-,0.172
2346-612X,"Proceedings of the International Conference of DAAAM Baltic ""Industrial Engineering""",-,0.13
2346-6138,"Proceedings of the International Conference of DAAAM Baltic ""Industrial Engineering""",-,0.13
1683-0040,Proceedings of the International Conference on Electronic Business (ICEB),-,0.128
2516-3612,Proceedings of the International Conference on Tourism Research,-,0.165
2283-8996,Proceedings of the Summer School Francesco Turco,-,0.124
2620-2832,Proceedings on Engineering Sciences,Q3,0.217
2683-4111,Proceedings on Engineering Sciences,Q3,0.217
1980-5411,Production,Q3,0.241
0103-6513,Production,Q3,0.241
2353-7779,Production Engineering Archives,Q2,0.457
2353-5156,Production Engineering Archives,Q2,0.457
0953-7287,Production Planning and Control,Q1,2.198
1366-5871,Production Planning and Control,Q1,2.198
1059-1478,Production and Operations Management,Q1,3.364
1937-5956,Production and Operations Management,Q1,3.364
1938-9507,Project Management Journal,Q1,1.18
8756-9728,Project Management Journal,Q1,1.18
0810-9028,Prometheus: Critical Studies in Innovation,Q3,0.209
1470-1030,Prometheus: Critical Studies in Innovation,Q3,0.209
0263-7472,Property Management,Q3,0.379
2392-8077,Psihologia Resurselor Umane,Q4,0.188
1583-7327,Psihologia Resurselor Umane,Q4,0.188
1550-3461,Psychologist-Manager Journal,Q4,0.146
1088-7156,Psychologist-Manager Journal,Q4,0.146
0742-6046,Psychology and Marketing,Q1,3.497
1520-6793,Psychology and Marketing,Q1,3.497
0033-3352,Public Administration Review,Q1,2.964
1540-6210,Public Administration Review,Q1,2.964
1558-0989,Public Integrity,Q1,0.517
1099-9922,Public Integrity,Q1,0.517
1467-9302,Public Money and Management,Q1,0.642
0954-0962,Public Money and Management,Q1,0.642
1566-7170,Public Organization Review,Q1,0.457
1573-7098,Public Organization Review,Q1,0.457
1530-9576,Public Performance and Management Review,Q1,0.969
1557-9271,Public Performance and Management Review,Q1,0.969
0091-0260,Public Personnel Management,Q1,0.926
2046-1488,Public Relations Inquiry,Q1,0.561
2046-147X,Public Relations Inquiry,Q1,0.561
0363-8111,Public Relations Review,Q1,1.352
1522-9114,Public Services Quarterly,Q2,0.275
1522-8959,Public Services Quarterly,Q2,0.275
1087-724X,Public Works Management and Policy,Q2,0.285
2222-1867,Public and Municipal Finance,Q2,0.252
2222-1875,Public and Municipal Finance,Q2,0.252
2304-6775,Publications,Q1,1.165
1936-4792,Publishing Research Quarterly,Q2,0.563
1053-8801,Publishing Research Quarterly,Q2,0.563
2499-1333,PuntOorg International Journal,Q2,0.176
0975-024X,Purushartha,Q2,0.196
1352-2752,Qualitative Market Research,Q2,0.579
1176-6093,Qualitative Research in Accounting and Management,Q2,0.814
1755-4187,Qualitative Research in Financial Markets,Q2,0.571
1755-4179,Qualitative Research in Financial Markets,Q2,0.571
1746-5648,Qualitative Research in Organizations and Management,Q2,0.675
1746-5656,Qualitative Research in Organizations and Management,Q2,0.675
1582-2559,Quality - Access to Success,Q4,0.203
1338-984X,Quality Innovation Prosperity,Q3,0.303
1335-1745,Quality Innovation Prosperity,Q3,0.303
1068-6967,Quality Management Journal,Q2,0.499
0033-524X,Quality Progress,-,
1684-3703,Quality Technology and Quantitative Management,Q1,1.018
2573-0134,Quantitative Finance and Economics,Q2,0.498
1570-7156,Quantitative Marketing and Economics,Q1,2.33
1573-711X,Quantitative Marketing and Economics,Q1,2.33
2010-1406,Quarterly Journal of Finance,Q3,0.407
2010-1392,Quarterly Journal of Finance,Q3,0.407
2709-8206,Qubahan Academic Journal,Q2,0.514
1467-9310,R and D Management,Q1,1.778
0033-6807,R and D Management,Q1,1.778
2178-938X,RAE Revista de Administracao de Empresas,Q3,0.265
0034-7590,RAE Revista de Administracao de Empresas,Q3,0.265
2531-0488,RAUSP Management Journal,Q2,0.417
2965-1506,REGEPE Entrepreneurship and Small Business Journal,Q4,0.128
1540-6229,Real Estate Economics,Q1,1.116
1080-8620,Real Estate Economics,Q1,1.116
2300-5289,Real Estate Management and Valuation,Q3,0.257
2051-5707,Recherche et Applications en Marketing,Q3,0.547
2051-2821,Recherche et Applications en Marketing,Q4,0.132
0767-3701,Recherche et Applications en Marketing,Q4,0.132
2271-2836,Recherches en Sciences de Gestion,Q4,0.149
2442-5168,Record and Library Journal,Q4,0.143
0956-5698,Records Management Journal,Q2,0.274
1558-8661,Recreational Sports Journal,Q2,0.38
1558-867X,Recreational Sports Journal,Q2,0.38
0034-379X,Relations Industrielles,Q3,0.197
1703-8138,Relations Industrielles,Q3,0.197
1560-6074,Research Journal of Textile and Apparel,Q2,0.374
2515-8090,Research Journal of Textile and Apparel,Q2,0.374
0048-7333,Research Policy,Q1,3.443
1930-0166,Research Technology Management,Q2,0.534
0895-6308,Research Technology Management,Q2,0.534
1793-7078,Research and Practice in Technology Enhanced Learning,Q1,0.865
0275-5319,Research in International Business and Finance,Q1,1.415
0191-3085,Research in Organizational Behavior,Q1,2.416
2210-5395,Research in Transportation Business and Management,Q1,1.196
0733-558X,Research in the Sociology of Organizations,Q3,0.171
1390-6291,Retos (Ecuador),Q3,0.289
1390-8618,Retos (Ecuador),Q3,0.289
1167-4687,Retraite et Societe,Q4,0.11
1573-7136,Review of Accounting Studies,Q1,5.817
1380-6653,Review of Accounting Studies,Q1,5.817
1475-7702,Review of Accounting and Finance,Q2,0.513
1758-7700,Review of Accounting and Finance,Q2,0.513
2247-6172,Review of Applied Socio-Economic Research,Q4,0.142
1940-5987,Review of Behavioral Finance,Q2,0.467
1940-5979,Review of Behavioral Finance,Q2,0.467
2308-944X,Review of Business and Economics Studies,Q4,0.128
2311-0279,Review of Business and Economics Studies,Q4,0.128
2693-9312,Review of Corporate Finance,Q1,1.673
2693-9320,Review of Corporate Finance,Q1,1.673
2046-9136,Review of Corporate Finance Studies,Q1,4.122
2046-9128,Review of Corporate Finance Studies,Q1,4.122
1698-1359,Review of Economic Research on Copyright Issues,Q4,0.123
1698-1367,Review of Economic Research on Copyright Issues,Q4,0.123
1573-692X,Review of Finance,Q1,8.22
1572-3097,Review of Finance,Q1,8.22
1465-7368,Review of Financial Studies,Q1,16.546
0893-9454,Review of Financial Studies,Q1,16.546
0889-938X,Review of Industrial Organization,Q1,1.075
1573-7160,Review of Industrial Organization,Q1,1.075
2414-6722,Review of Integrative Business and Economics Research,Q2,0.285
2304-1013,Review of Integrative Business and Economics Research,Q2,0.285
2059-6014,Review of International Business and Strategy,Q2,0.745
1559-744X,Review of International Organizations,Q1,1.385
1559-7431,Review of International Organizations,Q1,1.385
2754-5865,Review of Management Literature,Q2,0.744
2754-5873,Review of Management Literature,Q2,0.744
1863-6683,Review of Managerial Science,Q1,2.316
1863-6691,Review of Managerial Science,Q1,2.316
1546-5616,Review of Marketing Science,Q4,0.188
0734-371X,Review of Public Personnel Administration,Q1,1.666
0924-865X,Review of Quantitative Finance and Accounting,Q2,0.541
1573-7179,Review of Quantitative Finance and Accounting,Q2,0.541
0719-7713,Revista Academia and Negocios,Q4,0.124
0719-6245,Revista Academia and Negocios,Q4,0.124
1983-0807,Revista Brasileira de Gestao de Negocios,Q3,0.307
1806-4892,Revista Brasileira de Gestao de Negocios,Q3,0.307
2177-5184,Revista Brasileira de Marketing,Q4,0.159
1679-3390,Revista Brasileira de Orientacao Profissional,Q4,0.155
1984-7270,Revista Brasileira de Orientacao Profissional,Q4,0.155
1982-6125,Revista Brasileira de Pesquisa em Turismo,Q4,0.153
1808-057X,Revista Contabilidade e Financas,Q4,0.202
1519-7077,Revista Contabilidade e Financas,Q4,0.202
0210-2412,Revista Espanola de Financiacion y Contabilidad,Q3,0.32
2332-0753,Revista Espanola de Financiacion y Contabilidad,Q3,0.32
2248-6046,Revista Finanzas y Politica Economica,Q4,0.186
2011-7663,Revista Finanzas y Politica Economica,Q4,0.186
1132-2799,Revista Galega de Economia,Q2,0.201
2255-5951,Revista Galega de Economia,Q2,0.201
1315-9984,Revista Venezolana de Gerencia,Q3,0.221
1982-7849,Revista de Administracao Contemporanea,Q3,0.281
1415-6555,Revista de Administracao Contemporanea,Q3,0.281
1518-6776,Revista de Administracao Mackenzie,Q3,0.267
1678-6971,Revista de Administracao Mackenzie,Q3,0.267
2174-0747,Revista de Artes Marciales Asiaticas,Q2,0.34
1988-4672,Revista de Contabilidad-Spanish Accounting Review,Q3,0.411
1138-4891,Revista de Contabilidad-Spanish Accounting Review,Q3,0.411
1982-6486,Revista de Contabilidade e Organizacoes,Q4,0.14
1809-2276,Revista de Gestao,Q2,0.54
2177-8736,Revista de Gestao,Q2,0.54
0719-1839,Revista de Gestion Publica,Q3,0.23
1886-516X,Revista de Metodos Cuantitativos para la Economia y la Empresa,Q4,0.156
1576-5962,Revista de Psicologia del Trabajo y de las Organizaciones,Q2,0.757
2174-0534,Revista de Psicologia del Trabajo y de las Organizaciones,Q2,0.757
2385-4812,Revista de Quimica e Industria Textil,Q4,0.101
2385-4804,Revista de Quimica e Industria Textil,Q4,0.101
2555-0284,Revue Europeenne d' Economie et Management des Services,Q4,0.154
2497-0107,Revue Europeenne d' Economie et Management des Services,Q4,0.154
0338-4551,Revue Francaise de Gestion,Q4,0.135
1010-8831,Revue Internationale de Droit Economique,Q4,0.107
1782-1525,Revue Internationale de Droit Economique,Q4,0.107
0154-3229,Revue d'Economie Industrielle,Q4,0.163
1773-0198,Revue d'Economie Industrielle,Q4,0.163
1766-2524,Revue de l'Entrepreneuriat,Q4,0.197
1630-7542,Revue de l'Entrepreneuriat,Q4,0.197
2077-429X,Risk Governance and Control: Financial Markets and Institutions,-,
2077-4303,Risk Governance and Control: Financial Markets and Institutions,-,
1743-4637,Risk Management,Q3,0.346
1460-3799,Risk Management,Q3,0.346
1540-6296,Risk Management and Insurance Review,Q3,0.436
1098-1616,Risk Management and Insurance Review,Q3,0.436
2227-9091,Risks,Q2,0.397
2281-5864,Rivista Italiana di Ragioneria e di Economia Aziendale,Q4,0.111
1593-9154,Rivista Italiana di Ragioneria e di Economia Aziendale,Q4,0.111
2239-7221,Rivista di Studi sulla Sostenibilita,Q3,0.138
2239-1959,Rivista di Studi sulla Sostenibilita,Q3,0.138
1037-1656,Rural Society,Q4,0.262
2474-2376,Rutgers Business Review,Q3,0.338
2474-6509,Rutgers Business Review,Q3,0.338
2071-078X,SA Journal of Human Resource Management,Q2,0.37
1683-7584,SA Journal of Human Resource Management,Q2,0.37
1937-156X,SCHOLE: A Journal of Leisure Studies and Recreation Education,Q2,0.292
2162-4097,SCHOLE: A Journal of Leisure Studies and Recreation Education,Q2,0.292
0973-3167,SCMS Journal of Indian Management,Q4,0.148
0163-7517,Sales and Marketing Management,Q4,0.101
1502-2269,Scandinavian Journal of Hospitality and Tourism,Q1,1.01
1502-2250,Scandinavian Journal of Hospitality and Tourism,Q1,1.01
0956-5221,Scandinavian Journal of Management,Q1,1.11
1873-3387,Scandinavian Journal of Management,Q1,1.11
2001-7413,Scandinavian Journal of Public Administration,Q2,0.29
2001-7405,Scandinavian Journal of Public Administration,Q2,0.29
2002-2867,Scandinavian Journal of Work and Organizational Psychology,Q3,0.45
2366-6153,Schmalenbach Journal of Business Research,Q2,0.524
0341-2687,Schmalenbach Journal of Business Research,Q2,0.524
1363-2434,School Leadership and Management,Q1,0.876
1364-2626,School Leadership and Management,Q1,0.876
1353-3452,Science and Engineering Ethics,Q1,0.961
1471-5546,Science and Engineering Ethics,Q1,0.961
2409-9066,Science and Innovation,Q3,0.184
2413-4996,Science and Innovation,Q3,0.184
2501-3165,Scientific Annals of Economics and Business,Q3,0.218
2501-1960,Scientific Annals of Economics and Business,Q3,0.218
2313-8114,Scientific Bulletin of Mukachevo State University. Series Economics,Q3,0.266
2518-1254,Scientific Bulletin of Mukachevo State University. Series Economics,Q3,0.266
1804-8048,"Scientific Papers of the University of Pardubice, Series D: Faculty of Economics and Administration",Q3,0.265
1211-555X,"Scientific Papers of the University of Pardubice, Series D: Faculty of Economics and Administration",Q3,0.265
1743-4645,Security Journal,Q2,0.402
0955-1662,Security Journal,Q2,0.402
1452-4864,Serbian Journal of Management,Q3,0.238
2217-7159,Serbian Journal of Management,Q3,0.238
1862-8508,Service Business,Q1,1.093
1862-8516,Service Business,Q1,1.093
1743-9507,Service Industries Journal,Q1,2.033
0264-2069,Service Industries Journal,Q1,2.033
1863-2386,Service Oriented Computing and Applications,Q2,0.361
1863-2394,Service Oriented Computing and Applications,Q2,0.361
2164-3970,Service Science,Q1,0.859
2164-3962,Service Science,Q1,0.859
1533-2977,Services Marketing Quarterly,Q3,0.371
1533-2969,Services Marketing Quarterly,Q3,0.371
1533-9211,Seybold Report,Q4,0.111
2405-8718,She Ji,Q1,0.681
2405-8726,She Ji,Q1,0.681
1552-826X,Simulation and Gaming,Q2,0.496
1046-8781,Simulation and Gaming,Q2,0.496
0393-5108,Sinergie,Q3,0.251
1573-0913,Small Business Economics,Q1,3.025
0921-898X,Small Business Economics,Q1,3.025
1175-0979,Small Enterprise Research,Q1,0.62
1321-5906,Small Enterprise Research,Q1,0.62
1750-8533,Social Enterprise Journal,Q1,0.732
1750-8614,Social Enterprise Journal,Q1,0.732
1539-4093,Social Marketing Quarterly,Q2,0.608
1524-5004,Social Marketing Quarterly,Q2,0.608
1758-857X,Social Responsibility Journal,Q1,0.899
1747-1117,Social Responsibility Journal,Q1,0.899
0969-160X,Social and Environmental Accountability Journal,Q3,0.448
2156-2245,Social and Environmental Accountability Journal,Q3,0.448
1746-5680,Society and Business Review,Q1,0.973
1746-5699,Society and Business Review,Q1,0.973
1588-970X,Society and Economy,Q3,0.26
1588-9726,Society and Economy,Q3,0.26
0038-0121,Socio-Economic Planning Sciences,Q1,1.326
0392-5048,Sociologia del Lavoro,Q3,0.186
1989-8487,Sociologia y Tecnociencia,Q3,0.266
0038-0296,Sociologie du Travail,Q4,0.128
2376-3981,South African Journal of Accounting Research,Q3,0.263
1029-1954,South African Journal of Accounting Research,Q3,0.263
2078-5585,South African Journal of Business Management,Q3,0.284
2078-5976,South African Journal of Business Management,Q3,0.284
2222-3436,South African Journal of Economic and Management Sciences,Q2,0.353
1015-8812,South African Journal of Economic and Management Sciences,Q2,0.353
2398-628X,South Asian Journal of Business Studies,Q1,0.656
2398-6298,South Asian Journal of Business Studies,Q1,0.656
2321-0303,South Asian Journal of Business and Management Cases,Q3,0.255
2277-9779,South Asian Journal of Business and Management Cases,Q3,0.255
2322-0937,South Asian Journal of Human Resources Management,Q3,0.44
2349-5790,South Asian Journal of Human Resources Management,Q3,0.44
1840-118X,South East European Journal of Economics and Business,Q2,0.282
2286-8984,Southeast Asian Journal of Economics,Q3,0.18
2465-5120,Southeast Asian Journal of Economics,Q3,0.18
2522-7343,Southern African Journal of Entrepreneurship and Small Business Management,Q3,0.226
2071-3185,Southern African Journal of Entrepreneurship and Small Business Management,Q3,0.226
1206-3312,Space and Culture,Q1,0.502
2444-9709,Spanish Journal of Marketing - ESIC,Q2,1.11
2444-9695,Spanish Journal of Marketing - ESIC,Q2,1.11
2587-5957,Spatial Economics,Q3,0.224
1815-9834,Spatial Economics,Q3,0.224
2163-2367,Sport Management Education Journal,Q2,0.42
1938-6974,Sport Management Education Journal,Q2,0.42
1441-3523,Sport Management Review,Q1,1.614
1557-2528,Sport Marketing Quarterly,Q1,1.334
1061-6934,Sport Marketing Quarterly,Q1,1.334
1451-7485,Sport Mont,Q3,0.251
2337-0351,Sport Mont,Q3,0.251
2657-4322,Sport i Turystyka,Q2,0.15
2545-3211,Sport i Turystyka,Q2,0.15
2042-6798,"Sport, Business and Management: An International Journal",Q2,0.576
2042-678X,"Sport, Business and Management: An International Journal",Q2,0.576
2164-0637,Sports Coaching Review,Q1,1.191
2164-0629,Sports Coaching Review,Q1,1.191
2198-7246,Springer Proceedings in Business and Economics,-,0.165
2198-7254,Springer Proceedings in Business and Economics,-,0.165
1874-7655,Statistical Journal of the IAOS,Q3,0.251
1086-1718,Strategic Change,Q1,1.253
1099-1697,Strategic Change,Q1,1.253
0258-0543,Strategic Direction,Q4,0.105
1932-4391,Strategic Entrepreneurship Journal,Q1,3.37
1932-443X,Strategic Entrepreneurship Journal,Q1,3.37
1097-0266,Strategic Management Journal,Q1,10.176
0143-2095,Strategic Management Journal,Q1,10.176
1741-315X,Strategic Organization,Q1,5.21
1476-1270,Strategic Organization,Q1,5.21
2333-2077,Strategy Science,Q1,3.806
2333-2050,Strategy Science,Q1,3.806
1087-8572,Strategy and Leadership,Q4,0.162
2570-8783,Studia Sportiva,Q4,0.176
1802-7679,Studia Sportiva,Q4,0.176
1584-2339,"Studia Universitatis Vasile Goldis Arad, Economics Series",Q4,0.194
2285-3065,"Studia Universitatis Vasile Goldis Arad, Economics Series",Q4,0.194
2344-5416,Studies in Business and Economics,Q3,0.24
1842-4120,Studies in Business and Economics,Q3,0.24
1388-0373,Studies in Corpus Linguistics,Q4,0.108
2364-4885,Stuttgarter Symposium fur Produktentwicklung,-,0.124
2215-910X,Suma de Negocios,Q4,0.125
2027-5692,Suma de Negocios,Q4,0.125
1624-6039,Supply Chain Forum,Q1,0.951
1625-8312,Supply Chain Forum,Q1,0.951
1359-8546,Supply Chain Management,Q1,2.117
2651-088X,Suranaree Journal of Social Science,Q3,0.114
2040-8021,"Sustainability Accounting, Management and Policy Journal",Q1,1.449
2040-803X,"Sustainability Accounting, Management and Policy Journal",Q1,1.449
2666-1888,Sustainable Futures,Q1,0.923
1099-1727,System Dynamics Review,Q1,0.804
0883-7066,System Dynamics Review,Q1,0.804
2657-5450,System Safety: Human - Technical Facility - Environment,-,0.165
1260-4984,Systemes d'Information et Management,Q3,0.251
2271-7188,Systemes d'Information et Management,Q3,0.251
1094-429X,Systemic Practice and Action Research,Q3,0.415
1573-9295,Systemic Practice and Action Research,Q3,0.415
1099-1743,Systems Research and Behavioral Science,Q2,0.465
1092-7026,Systems Research and Behavioral Science,Q2,0.465
2217-8309,TEM Journal,Q3,0.242
2217-8333,TEM Journal,Q3,0.242
1754-2731,TQM Journal,Q1,0.87
1027-4979,Tamkang Journal of International Affairs,Q4,0.104
2676-6159,Tasmimgiri va Tahqiq dar Amaliyyat,Q4,0.164
2538-5097,Tasmimgiri va Tahqiq dar Amaliyyat,Q4,0.164
1352-7592,Team Performance Management,Q2,0.557
1659-2395,Tec Empresarial,Q3,0.319
1659-3359,Tec Empresarial,Q3,0.319
0323-3243,Technische Textilien,Q4,0.1
0040-1625,Technological Forecasting and Social Change,Q1,3.472
2754-1320,Technological Sustainability,Q2,0.531
2754-1312,Technological Sustainability,Q2,0.531
1465-3990,Technology Analysis and Strategic Management,Q2,0.794
0953-7325,Technology Analysis and Strategic Management,Q2,0.794
1927-0321,Technology Innovation Management Review,Q2,0.537
0160-791X,Technology in Society,Q1,2.559
0166-4972,Technovation,Q1,3.308
1848-5588,Tehnicki Glasnik,Q3,0.219
1846-6168,Tehnicki Glasnik,Q3,0.219
0351-3386,Tekstilec,Q3,0.28
2350-3696,Tekstilec,Q3,0.28
0308-5961,Telecommunications Policy,Q1,1.728
1358-3883,Tertiary Education and Management,Q2,0.626
0040-4861,Textil-Revue,Q4,0.102
1743-2952,Textile History,Q3,0.108
0040-4969,Textile History,Q3,0.108
0268-4764,Textile Outlook International,Q4,0.1
0195-0118,Textile Rental,Q4,0.1
1384-5306,Textile View Magazine,Q4,0.101
1872-6127,Textile View2 Magazine,Q4,0.103
0040-5213,Textile World,Q4,0.102
0306-0748,Textiles,Q1,1.137
2673-7248,Textiles,Q1,1.137
1354-5981,Textiles Eastern Europe,Q4,0.104
1743-3231,Textiles South East Asia,Q4,0.104
0040-5205,Textiles Trends,Q4,0.133
1096-4762,Thunderbird International Business Review,Q1,0.562
1478-3363,Total Quality Management and Business Excellence,Q1,0.966
1478-3371,Total Quality Management and Business Excellence,Q1,0.966
1849-1545,Tourism,Q3,0.305
1332-7461,Tourism,Q3,0.305
1083-5423,Tourism Analysis,Q3,0.324
1943-3999,Tourism Analysis,Q3,0.324
2044-0375,Tourism Economics,Q1,1.033
1354-8166,Tourism Economics,Q1,1.033
1470-1340,Tourism Geographies,Q1,1.356
1461-6688,Tourism Geographies,Q1,1.356
0261-5177,Tourism Management,Q1,4.146
1879-3193,Tourism Management,Q1,4.146
2211-9736,Tourism Management Perspectives,Q1,1.87
2156-8324,Tourism Planning and Development,Q1,0.746
2156-8316,Tourism Planning and Development,Q1,0.746
0250-8281,Tourism Recreation Research,Q1,1.036
2320-0308,Tourism Recreation Research,Q1,1.036
1759-8451,Tourism Review,Q1,1.887
1660-5373,Tourism Review,Q1,1.887
1544-2721,Tourism Review International,Q3,0.318
1943-4421,Tourism Review International,Q3,0.318
2673-5768,Tourism and Hospitality,Q2,0.449
1330-7533,Tourism and Hospitality Management,Q3,0.322
1847-3377,Tourism and Hospitality Management,Q3,0.322
1467-3584,Tourism and Hospitality Research,Q1,0.72
1742-9692,Tourism and Hospitality Research,Q1,0.72
2182-8466,Tourism and Management Studies,Q1,0.541
2182-8458,Tourism and Management Studies,Q1,0.541
1544-273X,Tourism in Marine Environments,Q3,0.198
1098-304X,"Tourism, Culture and Communication",Q2,0.236
1741-3206,Tourist Studies,Q2,0.833
1468-7976,Tourist Studies,Q2,0.833
1024-2589,Transfer,Q1,1.191
1996-7284,Transfer,Q1,1.191
1648-4460,Transformations in Business and Economics,Q2,0.262
1014-9562,Transnational Corporations,Q2,0.393
1918-6444,Transnational Corporations Review,Q2,0.435
1925-2099,Transnational Corporations Review,Q2,0.435
2041-4684,Transnational Marketing Journal,Q3,0.239
2041-4692,Transnational Marketing Journal,Q3,0.239
0965-8564,Transportation Research Part A: Policy and Practice,Q1,2.124
1366-5545,Transportation Research Part E: Logistics and Transportation Review,Q1,2.513
1842-2845,Transylvanian Review of Administrative Sciences,Q3,0.271
0041-1868,Travail Humain,Q4,0.129
0224-4365,Travail et Emploi,Q4,0.104
1294-6303,"Travail, Genre et Societes",Q3,0.153
2197-1927,Triple Helix,Q2,0.404
2386-3137,Tuning Journal for Higher Education,Q3,0.25
2340-8170,Tuning Journal for Higher Education,Q3,0.25
2346-206X,Turismo y Sociedad,Q4,0.179
0120-7555,Turismo y Sociedad,Q4,0.179
0867-5856,Turyzm/Tourism,Q3,0.216
2080-6922,Turyzm/Tourism,Q3,0.216
1759-0418,Twist,Q4,0.1
2659-3270,UCJC Business and Society Review,Q4,0.132
1561-4980,Ukrainian Geographical Journal,Q2,0.244
2291-6822,Uncertain Supply Chain Management (discontinued),-,
2291-6830,Uncertain Supply Chain Management (discontinued),-,
0957-1787,Utilities Policy,Q1,0.997
2059-5905,VINE Journal of Information and Knowledge Management Systems,Q1,0.729
2059-5891,VINE Journal of Information and Knowledge Management Systems,Q1,0.729
2036-2404,Valori e Valutazioni,Q2,0.28
1464-5343,Venture Capital,Q2,0.843
1369-1066,Venture Capital,Q2,0.843
2541-9099,Vestnik MGIMO-Universiteta,Q1,0.225
2071-8160,Vestnik MGIMO-Universiteta,Q1,0.225
2395-3799,Vikalpa,Q4,0.212
0256-0909,Vikalpa,Q4,0.212
2657-4047,Virtual Economics,Q1,1.618
0972-2629,Vision,Q3,0.393
2249-5304,Vision,Q3,0.393
1064-5578,Visitor Studies,Q1,0.571
1934-7715,Visitor Studies,Q1,0.571
1335-0617,Vlakna a Textil,Q4,0.183
0957-8765,Voluntas,Q1,0.878
1573-7888,Voluntas,Q1,0.878
0042-8736,Voprosy Ekonomiki,Q1,0.326
1109-9526,WSEAS Transactions on Business and Economics,Q4,0.192
2224-2899,WSEAS Transactions on Business and Economics,Q4,0.192
2382-624X,Water Economics and Policy,Q3,0.355
2382-6258,Water Economics and Policy,Q3,0.355
0043-6275,Wirtschaftsdienst,Q3,0.244
1613-978X,Wirtschaftsdienst,Q3,0.244
1745-641X,"Work Organisation, Labour and Globalisation",Q2,0.432
1745-6428,"Work Organisation, Labour and Globalisation",Q2,0.432
0730-8884,Work and Occupations,Q1,2.918
1552-8464,Work and Occupations,Q1,2.918
2054-4650,"Work, Aging and Retirement",Q1,1.248
1469-8722,"Work, Employment and Society",Q1,2.115
0950-0170,"Work, Employment and Society",Q1,2.115
1564-698X,World Bank Economic Review,Q1,2.11
0258-6770,World Bank Economic Review,Q1,2.11
1834-6715,World Customs Journal,Q4,0.132
1834-6707,World Customs Journal,Q4,0.132
0378-5920,World Economy,Q1,0.803
1467-9701,World Economy,Q1,0.803
2042-5961,"World Journal of Entrepreneurship, Management and Sustainable Development",Q1,0.362
2042-597X,"World Journal of Entrepreneurship, Management and Sustainable Development",Q1,0.362
2042-5953,"World Journal of Science, Technology and Sustainable Development",Q2,0.507
2042-5945,"World Journal of Science, Technology and Sustainable Development",Q2,0.507
2333-4509,World Leisure Journal,Q1,0.532
1607-8055,World Leisure Journal,Q1,0.532
1746-0581,"World Review of Entrepreneurship, Management and Sustainable Development",Q4,0.184
1746-0573,"World Review of Entrepreneurship, Management and Sustainable Development",Q4,0.184
2251-3442,World Scientific-Now Publishers Series in Business,-,
1748-8133,World Sustainable Development Outlook,-,0.102
2352-9237,World Tax Journal,Q1,0.762
1878-4917,World Tax Journal,Q1,0.762
1613-2408,World of Mining - Surface and Underground,Q4,0.108
1755-4217,Worldwide Hospitality and Tourism Themes,Q2,0.438
1755-4225,Worldwide Hospitality and Tourism Themes,Q2,0.438
0947-0085,ZWF Zeitschrift fuer Wirtschaftlichen Fabrikbetrieb,Q3,0.271
2511-0896,ZWF Zeitschrift fuer Wirtschaftlichen Fabrikbetrieb,Q3,0.271
1846-7520,Zbornik radova Ekonomskog fakulteta u Rijeci / Proceedings of Rijeka Faculty of Economics,Q4,0.197
1331-8004,Zbornik radova Ekonomskog fakulteta u Rijeci / Proceedings of Rijeka Faculty of Economics,Q4,0.197
0932-4089,Zeitschrift fur Arbeits- und Organisationspsychologie,Q3,0.473
2190-6270,Zeitschrift fur Arbeits- und Organisationspsychologie,Q3,0.473
1619-5515,Zeitschrift fur Evaluation,Q3,0.163
2568-020X,Zeitschrift fur Technikfolgenabschatzung in Theorie und Praxis / Journal for Technology Assessment in Theory and Practice,Q3,0.287
2567-8833,Zeitschrift fur Technikfolgenabschatzung in Theorie und Praxis / Journal for Technology Assessment in Theory and Practice,Q3,0.287
2367-2293,Zeitschrift fur Unternehmensgeschichte,Q3,0.126
0342-2852,Zeitschrift fur Unternehmensgeschichte,Q3,0.126
0044-2585,Zeitschrift fur die gesamte Versicherungswissenschaft,Q4,0.162
1865-9748,Zeitschrift fur die gesamte Versicherungswissenschaft,Q4,0.162
2391-677X,Zeszyty Teoretyczne Rachunkowosci,Q4,0.166
1641-4381,Zeszyty Teoretyczne Rachunkowosci,Q4,0.166
1673-3193,Zhongbei Daxue Xuebao (Ziran Kexue Ban)/Journal of North University of China (Natural Science Edition),Q4,0.138
1941-5842,e-Review of Tourism Research,Q4,0.157
1448-2398,eJournal of Tax Research,Q4,0.153
2196-6826,i-com,Q2,0.376
1618-162X,i-com,Q2,0.376
